down,distance,yardline,frequency
1,1,1,467
1,1,45,1
1,1,50,1
1,2,2,264
1,2,14,1
1,3,3,275
1,4,4,312
1,4,5,1
1,5,5,309
1,5,6,5
1,5,8,1
1,5,9,2
1,5,10,2
1,5,11,3
1,5,12,2
1,5,13,4
1,5,14,4
1,5,16,2
1,5,17,1
1,5,18,5
1,5,19,3
1,5,20,1
1,5,21,3
1,5,22,3
1,5,23,3
1,5,24,5
1,5,25,5
1,5,26,2
1,5,27,2
1,5,28,4
1,5,29,4
1,5,30,3
1,5,31,2
1,5,32,2
1,5,33,3
1,5,34,6
1,5,35,3
1,5,36,3
1,5,37,4
1,5,38,4
1,5,39,4
1,5,40,3
1,5,41,5
1,5,42,4
1,5,43,1
1,5,44,6
1,5,45,4
1,5,46,2
1,5,47,5
1,5,48,3
1,5,49,4
1,5,50,4
1,5,51,2
1,5,52,5
1,5,53,4
1,5,54,4
1,5,55,6
1,5,56,1
1,5,57,5
1,5,58,4
1,5,59,9
1,5,60,7
1,5,61,3
1,5,62,2
1,5,63,4
1,5,64,5
1,5,65,1
1,5,66,5
1,5,67,4
1,5,68,4
1,5,69,2
1,5,70,34
1,5,71,3
1,5,72,2
1,5,73,2
1,5,74,2
1,5,75,5
1,5,77,2
1,5,78,1
1,5,79,1
1,5,80,1
1,5,81,1
1,5,84,1
1,5,86,1
1,5,87,1
1,5,88,1
1,5,90,2
1,5,92,2
1,5,93,1
1,5,94,4
1,6,6,288
1,6,44,1
1,7,7,297
1,7,72,1
1,7,90,1
1,8,8,283
1,8,19,1
1,8,56,1
1,8,63,1
1,8,70,1
1,9,9,346
1,9,31,1
1,9,96,1
1,10,10,267
1,10,11,376
1,10,12,322
1,10,13,344
1,10,14,372
1,10,15,337
1,10,16,296
1,10,17,335
1,10,18,353
1,10,19,362
1,10,20,410
1,10,21,321
1,10,22,373
1,10,23,410
1,10,24,438
1,10,25,424
1,10,26,384
1,10,27,377
1,10,28,408
1,10,29,403
1,10,30,410
1,10,31,375
1,10,32,441
1,10,33,439
1,10,34,508
1,10,35,497
1,10,36,433
1,10,37,462
1,10,38,502
1,10,39,519
1,10,40,511
1,10,41,491
1,10,42,493
1,10,43,507
1,10,44,548
1,10,45,592
1,10,46,523
1,10,47,490
1,10,48,553
1,10,49,608
1,10,50,647
1,10,51,546
1,10,52,573
1,10,53,607
1,10,54,616
1,10,55,615
1,10,56,574
1,10,57,570
1,10,58,590
1,10,59,649
1,10,60,799
1,10,61,675
1,10,62,775
1,10,63,825
1,10,64,1013
1,10,65,799
1,10,66,463
1,10,67,479
1,10,68,501
1,10,69,549
1,10,70,555
1,10,71,428
1,10,72,446
1,10,73,447
1,10,74,443
1,10,75,6041
1,10,76,448
1,10,77,452
1,10,78,415
1,10,79,443
1,10,80,1025
1,10,81,352
1,10,82,323
1,10,83,321
1,10,84,315
1,10,85,285
1,10,86,265
1,10,87,238
1,10,88,210
1,10,89,216
1,10,90,284
1,10,91,265
1,10,92,192
1,10,93,141
1,10,94,117
1,10,95,109
1,10,96,107
1,10,97,80
1,10,98,118
1,10,99,106
1,11,11,12
1,11,13,1
1,11,36,1
1,11,63,1
1,11,64,1
1,11,91,1
1,11,94,1
1,11,98,4
1,11,99,6
1,12,12,3
1,12,77,1
1,12,90,1
1,12,95,2
1,12,97,2
1,12,98,3
1,12,99,1
1,13,13,8
1,13,25,2
1,13,33,1
1,13,42,1
1,13,43,1
1,13,61,1
1,13,66,1
1,13,71,1
1,13,78,3
1,13,86,1
1,13,96,3
1,13,97,3
1,13,98,1
1,14,14,8
1,14,15,4
1,14,22,1
1,14,27,1
1,14,42,1
1,14,43,1
1,14,44,1
1,14,52,1
1,14,60,1
1,14,61,1
1,14,71,1
1,14,79,1
1,14,82,1
1,14,85,1
1,14,92,1
1,14,93,1
1,14,95,4
1,14,96,6
1,14,97,1
1,15,15,10
1,15,16,2
1,15,17,5
1,15,18,10
1,15,19,5
1,15,20,6
1,15,21,4
1,15,22,6
1,15,23,5
1,15,24,7
1,15,25,8
1,15,26,4
1,15,27,7
1,15,28,6
1,15,29,12
1,15,30,4
1,15,31,8
1,15,32,12
1,15,33,8
1,15,34,9
1,15,35,5
1,15,36,12
1,15,37,9
1,15,38,9
1,15,39,12
1,15,40,7
1,15,41,9
1,15,42,9
1,15,43,6
1,15,44,8
1,15,45,10
1,15,46,7
1,15,47,11
1,15,48,13
1,15,49,10
1,15,50,11
1,15,51,11
1,15,52,9
1,15,53,10
1,15,54,11
1,15,55,13
1,15,56,10
1,15,57,6
1,15,58,9
1,15,59,10
1,15,60,11
1,15,61,13
1,15,62,11
1,15,63,13
1,15,64,16
1,15,65,12
1,15,66,8
1,15,67,11
1,15,68,21
1,15,69,18
1,15,70,7
1,15,71,8
1,15,72,9
1,15,73,7
1,15,74,9
1,15,75,10
1,15,76,16
1,15,77,6
1,15,78,11
1,15,79,3
1,15,80,95
1,15,81,9
1,15,82,10
1,15,83,6
1,15,84,11
1,15,85,21
1,15,86,5
1,15,87,8
1,15,88,5
1,15,89,6
1,15,90,5
1,15,91,1
1,15,92,5
1,15,93,3
1,15,94,7
1,15,95,7
1,15,96,1
1,16,16,7
1,16,18,1
1,16,22,1
1,16,39,1
1,16,40,3
1,16,42,1
1,16,49,1
1,16,50,2
1,16,51,2
1,16,58,1
1,16,59,1
1,16,61,1
1,16,65,1
1,16,69,1
1,16,70,1
1,16,71,1
1,16,72,2
1,16,81,1
1,16,83,1
1,16,91,1
1,16,92,1
1,16,93,6
1,17,17,3
1,17,18,1
1,17,20,1
1,17,28,1
1,17,30,1
1,17,34,1
1,17,38,1
1,17,49,1
1,17,53,1
1,17,58,1
1,17,59,1
1,17,63,1
1,17,65,1
1,17,66,1
1,17,71,1
1,17,82,1
1,17,84,1
1,17,92,4
1,17,93,2
1,18,18,6
1,18,20,1
1,18,27,1
1,18,29,1
1,18,31,2
1,18,33,1
1,18,35,1
1,18,38,2
1,18,41,1
1,18,42,1
1,18,45,1
1,18,48,2
1,18,55,1
1,18,60,1
1,18,62,2
1,18,63,1
1,18,65,1
1,18,69,1
1,18,71,1
1,18,75,1
1,18,77,1
1,18,81,1
1,18,83,6
1,18,84,1
1,18,85,1
1,18,88,2
1,18,91,12
1,18,92,3
1,19,19,5
1,19,23,1
1,19,34,1
1,19,43,2
1,19,47,1
1,19,49,1
1,19,51,1
1,19,61,2
1,19,68,3
1,19,69,1
1,19,71,2
1,19,75,1
1,19,83,1
1,19,84,5
1,19,87,1
1,19,89,1
1,19,90,4
1,19,91,8
1,20,20,6
1,20,21,8
1,20,22,6
1,20,23,10
1,20,24,8
1,20,25,11
1,20,26,4
1,20,27,7
1,20,28,5
1,20,29,3
1,20,30,8
1,20,31,6
1,20,32,3
1,20,33,5
1,20,34,9
1,20,35,8
1,20,36,8
1,20,37,5
1,20,38,10
1,20,39,7
1,20,40,4
1,20,41,9
1,20,42,15
1,20,43,11
1,20,44,9
1,20,45,8
1,20,46,5
1,20,47,5
1,20,48,10
1,20,49,11
1,20,50,9
1,20,51,7
1,20,52,9
1,20,53,11
1,20,54,7
1,20,55,7
1,20,56,11
1,20,57,6
1,20,58,12
1,20,59,9
1,20,60,13
1,20,61,6
1,20,62,9
1,20,63,10
1,20,64,14
1,20,65,7
1,20,66,6
1,20,67,7
1,20,68,14
1,20,69,7
1,20,70,11
1,20,71,13
1,20,72,9
1,20,73,14
1,20,74,15
1,20,75,24
1,20,76,8
1,20,77,9
1,20,78,10
1,20,79,6
1,20,80,7
1,20,81,8
1,20,82,4
1,20,83,6
1,20,84,8
1,20,85,69
1,20,86,5
1,20,87,8
1,20,88,7
1,20,89,3
1,20,90,14
1,20,91,1
1,20,92,1
1,21,35,1
1,21,52,1
1,21,77,1
1,21,86,1
1,21,88,1
1,21,90,2
1,21,97,1
1,22,48,1
1,22,79,1
1,22,87,6
1,22,95,1
1,23,25,1
1,23,68,1
1,23,82,1
1,23,95,1
1,24,25,1
1,24,35,1
1,24,82,1
1,25,25,1
1,25,27,2
1,25,30,1
1,25,31,1
1,25,32,1
1,25,39,3
1,25,40,1
1,25,41,2
1,25,43,3
1,25,44,2
1,25,45,2
1,25,47,2
1,25,49,2
1,25,50,1
1,25,51,1
1,25,55,2
1,25,56,1
1,25,57,1
1,25,59,1
1,25,65,1
1,25,66,1
1,25,67,2
1,25,68,1
1,25,69,1
1,25,70,3
1,25,72,1
1,25,73,1
1,25,74,1
1,25,75,2
1,25,76,1
1,25,77,1
1,25,78,1
1,25,79,3
1,25,80,1
1,25,81,1
1,25,83,1
1,25,85,1
1,25,90,5
1,27,92,1
1,29,32,1
1,30,36,1
1,30,44,1
1,30,49,1
1,30,50,1
1,30,53,1
1,30,60,1
1,30,62,1
1,30,81,1
1,30,82,1
1,30,90,1
1,34,86,1
1,35,59,1
2,1,1,365
2,1,2,21
2,1,3,7
2,1,4,8
2,1,5,12
2,1,6,13
2,1,7,10
2,1,8,13
2,1,9,22
2,1,10,13
2,1,11,20
2,1,12,7
2,1,13,19
2,1,14,17
2,1,15,12
2,1,16,10
2,1,17,7
2,1,18,21
2,1,19,9
2,1,20,14
2,1,21,13
2,1,22,9
2,1,23,18
2,1,24,23
2,1,25,26
2,1,26,23
2,1,27,20
2,1,28,13
2,1,29,32
2,1,30,22
2,1,31,17
2,1,32,23
2,1,33,14
2,1,34,20
2,1,35,19
2,1,36,19
2,1,37,24
2,1,38,22
2,1,39,18
2,1,40,20
2,1,41,31
2,1,42,26
2,1,43,24
2,1,44,26
2,1,45,27
2,1,46,19
2,1,47,17
2,1,48,28
2,1,49,30
2,1,50,25
2,1,51,27
2,1,52,29
2,1,53,31
2,1,54,38
2,1,55,42
2,1,56,25
2,1,57,11
2,1,58,15
2,1,59,20
2,1,60,22
2,1,61,13
2,1,62,18
2,1,63,20
2,1,64,14
2,1,65,18
2,1,66,224
2,1,67,23
2,1,68,17
2,1,69,21
2,1,70,15
2,1,71,45
2,1,72,11
2,1,73,18
2,1,74,13
2,1,75,11
2,1,76,14
2,1,77,12
2,1,78,13
2,1,79,11
2,1,80,12
2,1,81,5
2,1,82,14
2,1,83,8
2,1,84,5
2,1,85,3
2,1,86,8
2,1,87,4
2,1,88,2
2,1,89,2
2,1,90,5
2,2,2,235
2,2,3,11
2,2,4,10
2,2,5,6
2,2,6,12
2,2,7,13
2,2,8,8
2,2,9,9
2,2,10,8
2,2,11,14
2,2,12,15
2,2,13,15
2,2,14,13
2,2,15,19
2,2,16,22
2,2,17,24
2,2,18,17
2,2,19,17
2,2,20,18
2,2,21,9
2,2,22,14
2,2,23,15
2,2,24,17
2,2,25,15
2,2,26,13
2,2,27,13
2,2,28,13
2,2,29,17
2,2,30,17
2,2,31,15
2,2,32,13
2,2,33,15
2,2,34,16
2,2,35,19
2,2,36,25
2,2,37,21
2,2,38,13
2,2,39,14
2,2,40,26
2,2,41,22
2,2,42,18
2,2,43,24
2,2,44,20
2,2,45,21
2,2,46,16
2,2,47,18
2,2,48,21
2,2,49,19
2,2,50,28
2,2,51,23
2,2,52,22
2,2,53,22
2,2,54,27
2,2,55,38
2,2,56,32
2,2,57,25
2,2,58,15
2,2,59,28
2,2,60,22
2,2,61,24
2,2,62,16
2,2,63,10
2,2,64,15
2,2,65,23
2,2,66,15
2,2,67,236
2,2,68,22
2,2,69,9
2,2,70,18
2,2,71,8
2,2,72,32
2,2,73,11
2,2,74,9
2,2,75,7
2,2,76,8
2,2,77,10
2,2,78,9
2,2,79,9
2,2,80,9
2,2,81,7
2,2,82,10
2,2,83,5
2,2,84,9
2,2,85,6
2,2,86,4
2,2,87,1
2,2,88,3
2,2,89,3
2,2,91,2
2,3,3,250
2,3,4,16
2,3,5,12
2,3,6,13
2,3,7,13
2,3,8,12
2,3,9,14
2,3,10,13
2,3,11,8
2,3,12,10
2,3,13,19
2,3,14,14
2,3,15,19
2,3,16,13
2,3,17,17
2,3,18,18
2,3,19,25
2,3,20,19
2,3,21,13
2,3,22,14
2,3,23,23
2,3,24,14
2,3,25,19
2,3,26,21
2,3,27,16
2,3,28,14
2,3,29,22
2,3,30,22
2,3,31,24
2,3,32,22
2,3,33,17
2,3,34,17
2,3,35,23
2,3,36,19
2,3,37,19
2,3,38,20
2,3,39,23
2,3,40,15
2,3,41,22
2,3,42,32
2,3,43,23
2,3,44,22
2,3,45,21
2,3,46,22
2,3,47,29
2,3,48,19
2,3,49,17
2,3,50,27
2,3,51,19
2,3,52,28
2,3,53,26
2,3,54,23
2,3,55,37
2,3,56,36
2,3,57,43
2,3,58,40
2,3,59,22
2,3,60,23
2,3,61,20
2,3,62,18
2,3,63,28
2,3,64,17
2,3,65,20
2,3,66,17
2,3,67,24
2,3,68,262
2,3,69,25
2,3,70,23
2,3,71,17
2,3,72,12
2,3,73,42
2,3,74,10
2,3,75,14
2,3,76,17
2,3,77,14
2,3,78,5
2,3,79,14
2,3,80,15
2,3,81,13
2,3,82,10
2,3,83,18
2,3,84,15
2,3,85,3
2,3,86,2
2,3,87,5
2,3,88,7
2,3,89,4
2,3,90,1
2,3,91,3
2,3,92,3
2,4,4,228
2,4,5,22
2,4,6,16
2,4,7,16
2,4,8,19
2,4,9,23
2,4,10,17
2,4,11,11
2,4,12,15
2,4,13,18
2,4,14,17
2,4,15,20
2,4,16,21
2,4,17,18
2,4,18,20
2,4,19,16
2,4,20,21
2,4,21,15
2,4,22,23
2,4,23,19
2,4,24,24
2,4,25,25
2,4,26,19
2,4,27,14
2,4,28,22
2,4,29,25
2,4,30,29
2,4,31,18
2,4,32,27
2,4,33,21
2,4,34,25
2,4,35,21
2,4,36,25
2,4,37,33
2,4,38,30
2,4,39,31
2,4,40,32
2,4,41,22
2,4,42,24
2,4,43,29
2,4,44,33
2,4,45,37
2,4,46,26
2,4,47,39
2,4,48,18
2,4,49,33
2,4,50,40
2,4,51,25
2,4,52,27
2,4,53,43
2,4,54,48
2,4,55,33
2,4,56,35
2,4,57,51
2,4,58,54
2,4,59,44
2,4,60,30
2,4,61,16
2,4,62,25
2,4,63,23
2,4,64,18
2,4,65,18
2,4,66,20
2,4,67,21
2,4,68,16
2,4,69,312
2,4,70,28
2,4,71,20
2,4,72,20
2,4,73,35
2,4,74,53
2,4,75,18
2,4,76,19
2,4,77,16
2,4,78,10
2,4,79,18
2,4,80,15
2,4,81,15
2,4,82,14
2,4,83,7
2,4,84,11
2,4,85,15
2,4,86,12
2,4,87,6
2,4,88,4
2,4,89,4
2,4,90,6
2,4,91,4
2,4,92,7
2,4,93,1
2,5,5,246
2,5,6,16
2,5,7,15
2,5,8,21
2,5,9,25
2,5,10,20
2,5,11,22
2,5,12,29
2,5,13,21
2,5,14,27
2,5,15,21
2,5,16,17
2,5,17,21
2,5,18,33
2,5,19,30
2,5,20,39
2,5,21,22
2,5,22,24
2,5,23,28
2,5,24,19
2,5,25,36
2,5,26,20
2,5,27,24
2,5,28,21
2,5,29,29
2,5,30,30
2,5,31,25
2,5,32,22
2,5,33,30
2,5,34,35
2,5,35,39
2,5,36,39
2,5,37,26
2,5,38,27
2,5,39,22
2,5,40,47
2,5,41,33
2,5,42,30
2,5,43,38
2,5,44,30
2,5,45,41
2,5,46,21
2,5,47,33
2,5,48,28
2,5,49,50
2,5,50,41
2,5,51,28
2,5,52,35
2,5,53,28
2,5,54,41
2,5,55,61
2,5,56,43
2,5,57,39
2,5,58,49
2,5,59,69
2,5,60,72
2,5,61,26
2,5,62,25
2,5,63,38
2,5,64,38
2,5,65,35
2,5,66,21
2,5,67,36
2,5,68,22
2,5,69,28
2,5,70,395
2,5,71,26
2,5,72,28
2,5,73,21
2,5,74,21
2,5,75,74
2,5,76,26
2,5,77,22
2,5,78,12
2,5,79,28
2,5,80,19
2,5,81,22
2,5,82,23
2,5,83,15
2,5,84,16
2,5,85,27
2,5,86,13
2,5,87,9
2,5,88,7
2,5,89,9
2,5,90,6
2,5,91,8
2,5,92,6
2,5,93,7
2,5,94,5
2,6,6,189
2,6,7,18
2,6,8,22
2,6,9,30
2,6,10,22
2,6,11,18
2,6,12,18
2,6,13,36
2,6,14,26
2,6,15,26
2,6,16,26
2,6,17,30
2,6,18,33
2,6,19,24
2,6,20,31
2,6,21,13
2,6,22,17
2,6,23,27
2,6,24,25
2,6,25,31
2,6,26,26
2,6,27,30
2,6,28,30
2,6,29,35
2,6,30,44
2,6,31,26
2,6,32,32
2,6,33,39
2,6,34,39
2,6,35,44
2,6,36,34
2,6,37,30
2,6,38,27
2,6,39,39
2,6,40,42
2,6,41,29
2,6,42,32
2,6,43,38
2,6,44,38
2,6,45,42
2,6,46,31
2,6,47,31
2,6,48,39
2,6,49,37
2,6,50,54
2,6,51,39
2,6,52,34
2,6,53,38
2,6,54,34
2,6,55,44
2,6,56,52
2,6,57,57
2,6,58,57
2,6,59,54
2,6,60,74
2,6,61,49
2,6,62,39
2,6,63,29
2,6,64,39
2,6,65,57
2,6,66,35
2,6,67,33
2,6,68,28
2,6,69,37
2,6,70,31
2,6,71,371
2,6,72,26
2,6,73,34
2,6,74,29
2,6,75,47
2,6,76,86
2,6,77,26
2,6,78,22
2,6,79,24
2,6,80,24
2,6,81,20
2,6,82,13
2,6,83,11
2,6,84,13
2,6,85,21
2,6,86,12
2,6,87,16
2,6,88,13
2,6,89,11
2,6,90,11
2,6,91,8
2,6,92,8
2,6,93,7
2,6,94,3
2,6,95,6
2,7,7,167
2,7,8,38
2,7,9,24
2,7,10,43
2,7,11,29
2,7,12,20
2,7,13,26
2,7,14,20
2,7,15,22
2,7,16,25
2,7,17,32
2,7,18,28
2,7,19,24
2,7,20,38
2,7,21,29
2,7,22,36
2,7,23,31
2,7,24,23
2,7,25,31
2,7,26,32
2,7,27,25
2,7,28,25
2,7,29,32
2,7,30,31
2,7,31,36
2,7,32,29
2,7,33,34
2,7,34,36
2,7,35,34
2,7,36,24
2,7,37,30
2,7,38,33
2,7,39,35
2,7,40,40
2,7,41,40
2,7,42,34
2,7,43,32
2,7,44,34
2,7,45,31
2,7,46,42
2,7,47,53
2,7,48,36
2,7,49,35
2,7,50,46
2,7,51,45
2,7,52,45
2,7,53,38
2,7,54,38
2,7,55,49
2,7,56,40
2,7,57,57
2,7,58,35
2,7,59,53
2,7,60,50
2,7,61,60
2,7,62,40
2,7,63,32
2,7,64,35
2,7,65,38
2,7,66,44
2,7,67,39
2,7,68,30
2,7,69,36
2,7,70,38
2,7,71,39
2,7,72,410
2,7,73,34
2,7,74,36
2,7,75,27
2,7,76,28
2,7,77,72
2,7,78,24
2,7,79,15
2,7,80,32
2,7,81,26
2,7,82,19
2,7,83,22
2,7,84,19
2,7,85,23
2,7,86,16
2,7,87,21
2,7,88,28
2,7,89,19
2,7,90,18
2,7,91,11
2,7,92,5
2,7,93,7
2,7,94,5
2,7,95,9
2,7,96,12
2,8,8,144
2,8,9,29
2,8,10,25
2,8,11,23
2,8,12,24
2,8,13,19
2,8,14,24
2,8,15,21
2,8,16,20
2,8,17,28
2,8,18,24
2,8,19,17
2,8,20,20
2,8,21,30
2,8,22,29
2,8,23,22
2,8,24,30
2,8,25,33
2,8,26,23
2,8,27,29
2,8,28,25
2,8,29,22
2,8,30,26
2,8,31,27
2,8,32,32
2,8,33,30
2,8,34,29
2,8,35,36
2,8,36,28
2,8,37,31
2,8,38,31
2,8,39,28
2,8,40,47
2,8,41,34
2,8,42,34
2,8,43,32
2,8,44,41
2,8,45,32
2,8,46,28
2,8,47,33
2,8,48,43
2,8,49,31
2,8,50,42
2,8,51,44
2,8,52,32
2,8,53,36
2,8,54,46
2,8,55,40
2,8,56,29
2,8,57,43
2,8,58,51
2,8,59,49
2,8,60,54
2,8,61,56
2,8,62,70
2,8,63,52
2,8,64,35
2,8,65,36
2,8,66,40
2,8,67,41
2,8,68,32
2,8,69,27
2,8,70,36
2,8,71,25
2,8,72,33
2,8,73,428
2,8,74,34
2,8,75,39
2,8,76,28
2,8,77,36
2,8,78,69
2,8,79,24
2,8,80,27
2,8,81,19
2,8,82,22
2,8,83,23
2,8,84,18
2,8,85,19
2,8,86,12
2,8,87,16
2,8,88,29
2,8,89,20
2,8,90,17
2,8,91,13
2,8,92,14
2,8,93,12
2,8,94,13
2,8,95,9
2,8,96,18
2,8,97,14
2,9,9,112
2,9,10,26
2,9,11,30
2,9,12,18
2,9,13,33
2,9,14,28
2,9,15,27
2,9,16,16
2,9,17,29
2,9,18,25
2,9,19,29
2,9,20,28
2,9,21,24
2,9,22,23
2,9,23,30
2,9,24,27
2,9,25,22
2,9,26,16
2,9,27,21
2,9,28,25
2,9,29,26
2,9,30,29
2,9,31,27
2,9,32,24
2,9,33,33
2,9,34,34
2,9,35,21
2,9,36,26
2,9,37,32
2,9,38,23
2,9,39,29
2,9,40,28
2,9,41,21
2,9,42,25
2,9,43,26
2,9,44,36
2,9,45,32
2,9,46,18
2,9,47,26
2,9,48,33
2,9,49,44
2,9,50,37
2,9,51,30
2,9,52,30
2,9,53,36
2,9,54,43
2,9,55,34
2,9,56,39
2,9,57,37
2,9,58,33
2,9,59,48
2,9,60,41
2,9,61,37
2,9,62,48
2,9,63,53
2,9,64,43
2,9,65,30
2,9,66,32
2,9,67,30
2,9,68,26
2,9,69,31
2,9,70,20
2,9,71,19
2,9,72,31
2,9,73,21
2,9,74,309
2,9,75,22
2,9,76,21
2,9,77,25
2,9,78,16
2,9,79,55
2,9,80,25
2,9,81,20
2,9,82,13
2,9,83,27
2,9,84,12
2,9,85,22
2,9,86,9
2,9,87,11
2,9,88,16
2,9,89,26
2,9,90,15
2,9,91,19
2,9,92,11
2,9,93,9
2,9,94,10
2,9,95,8
2,9,96,5
2,9,97,17
2,9,98,13
2,10,10,106
2,10,11,69
2,10,12,71
2,10,13,58
2,10,14,66
2,10,15,60
2,10,16,48
2,10,17,58
2,10,18,69
2,10,19,64
2,10,20,85
2,10,21,54
2,10,22,67
2,10,23,70
2,10,24,85
2,10,25,71
2,10,26,69
2,10,27,53
2,10,28,73
2,10,29,74
2,10,30,75
2,10,31,57
2,10,32,88
2,10,33,69
2,10,34,88
2,10,35,105
2,10,36,77
2,10,37,92
2,10,38,70
2,10,39,104
2,10,40,95
2,10,41,96
2,10,42,94
2,10,43,91
2,10,44,97
2,10,45,127
2,10,46,94
2,10,47,88
2,10,48,100
2,10,49,111
2,10,50,116
2,10,51,110
2,10,52,99
2,10,53,101
2,10,54,123
2,10,55,123
2,10,56,122
2,10,57,94
2,10,58,121
2,10,59,99
2,10,60,150
2,10,61,127
2,10,62,144
2,10,63,119
2,10,64,171
2,10,65,138
2,10,66,65
2,10,67,94
2,10,68,81
2,10,69,80
2,10,70,103
2,10,71,83
2,10,72,59
2,10,73,77
2,10,74,68
2,10,75,1023
2,10,76,70
2,10,77,77
2,10,78,74
2,10,79,67
2,10,80,144
2,10,81,64
2,10,82,51
2,10,83,59
2,10,84,41
2,10,85,46
2,10,86,40
2,10,87,32
2,10,88,31
2,10,89,29
2,10,90,51
2,10,91,35
2,10,92,26
2,10,93,24
2,10,94,17
2,10,95,16
2,10,96,14
2,10,97,16
2,10,98,22
2,10,99,24
2,11,11,43
2,11,12,20
2,11,13,8
2,11,14,14
2,11,15,17
2,11,16,12
2,11,17,10
2,11,18,12
2,11,19,14
2,11,20,14
2,11,21,21
2,11,22,13
2,11,23,19
2,11,24,13
2,11,25,21
2,11,26,11
2,11,27,17
2,11,28,19
2,11,29,14
2,11,30,23
2,11,31,11
2,11,32,18
2,11,33,9
2,11,34,13
2,11,35,22
2,11,36,19
2,11,37,16
2,11,38,17
2,11,39,17
2,11,40,16
2,11,41,19
2,11,42,12
2,11,43,17
2,11,44,15
2,11,45,14
2,11,46,19
2,11,47,20
2,11,48,14
2,11,49,17
2,11,50,21
2,11,51,20
2,11,52,17
2,11,53,18
2,11,54,17
2,11,55,25
2,11,56,19
2,11,57,14
2,11,58,13
2,11,59,22
2,11,60,19
2,11,61,18
2,11,62,14
2,11,63,18
2,11,64,19
2,11,65,29
2,11,66,13
2,11,67,15
2,11,68,11
2,11,69,16
2,11,70,21
2,11,71,16
2,11,72,8
2,11,73,13
2,11,74,9
2,11,75,13
2,11,76,137
2,11,77,9
2,11,78,11
2,11,79,11
2,11,80,10
2,11,81,27
2,11,82,6
2,11,83,4
2,11,84,7
2,11,85,16
2,11,86,7
2,11,87,6
2,11,88,9
2,11,89,5
2,11,90,9
2,11,91,4
2,11,92,10
2,11,93,2
2,11,94,9
2,11,95,6
2,11,96,4
2,11,97,6
2,11,98,3
2,11,99,11
2,12,12,27
2,12,13,5
2,12,14,9
2,12,15,15
2,12,16,9
2,12,17,7
2,12,18,12
2,12,19,15
2,12,20,6
2,12,21,6
2,12,22,4
2,12,23,4
2,12,24,13
2,12,25,10
2,12,26,10
2,12,27,8
2,12,28,9
2,12,29,9
2,12,30,11
2,12,31,8
2,12,32,3
2,12,33,4
2,12,34,3
2,12,35,5
2,12,36,12
2,12,37,10
2,12,38,7
2,12,39,8
2,12,40,16
2,12,41,16
2,12,42,12
2,12,43,14
2,12,44,7
2,12,45,9
2,12,46,18
2,12,47,14
2,12,48,6
2,12,49,6
2,12,50,5
2,12,51,8
2,12,52,11
2,12,53,7
2,12,54,13
2,12,55,11
2,12,56,4
2,12,57,7
2,12,58,8
2,12,59,10
2,12,60,10
2,12,61,16
2,12,62,9
2,12,63,16
2,12,64,17
2,12,65,15
2,12,66,13
2,12,67,9
2,12,68,10
2,12,69,7
2,12,70,9
2,12,71,12
2,12,72,8
2,12,73,9
2,12,74,3
2,12,75,12
2,12,76,8
2,12,77,90
2,12,78,8
2,12,79,4
2,12,80,6
2,12,81,10
2,12,82,15
2,12,83,6
2,12,85,10
2,12,86,5
2,12,87,3
2,12,88,5
2,12,89,5
2,12,90,5
2,12,91,6
2,12,92,8
2,12,93,5
2,12,94,3
2,12,95,8
2,12,96,5
2,12,97,5
2,12,98,4
2,13,13,23
2,13,14,6
2,13,15,8
2,13,16,5
2,13,17,4
2,13,18,8
2,13,19,3
2,13,20,10
2,13,21,7
2,13,22,8
2,13,23,5
2,13,24,5
2,13,25,9
2,13,26,5
2,13,27,5
2,13,28,8
2,13,29,8
2,13,30,6
2,13,31,6
2,13,32,5
2,13,33,4
2,13,34,5
2,13,35,8
2,13,36,6
2,13,37,4
2,13,38,3
2,13,39,2
2,13,40,6
2,13,41,4
2,13,42,6
2,13,43,2
2,13,44,3
2,13,45,9
2,13,46,4
2,13,47,7
2,13,48,4
2,13,49,7
2,13,50,9
2,13,51,6
2,13,52,6
2,13,53,7
2,13,54,8
2,13,55,12
2,13,56,6
2,13,57,2
2,13,58,9
2,13,59,6
2,13,61,6
2,13,62,3
2,13,63,6
2,13,64,8
2,13,65,9
2,13,66,13
2,13,67,6
2,13,68,10
2,13,69,6
2,13,70,9
2,13,71,6
2,13,72,6
2,13,73,11
2,13,74,10
2,13,75,9
2,13,76,3
2,13,77,1
2,13,78,63
2,13,79,4
2,13,80,5
2,13,81,2
2,13,82,5
2,13,83,9
2,13,84,4
2,13,85,5
2,13,86,3
2,13,87,1
2,13,88,4
2,13,89,3
2,13,90,8
2,13,91,3
2,13,92,4
2,13,93,1
2,13,94,2
2,13,95,3
2,13,97,4
2,13,98,3
2,13,99,1
2,14,14,14
2,14,15,8
2,14,16,4
2,14,17,5
2,14,18,4
2,14,19,6
2,14,20,2
2,14,21,4
2,14,22,7
2,14,23,2
2,14,24,4
2,14,25,5
2,14,26,2
2,14,27,4
2,14,28,6
2,14,29,2
2,14,30,9
2,14,31,6
2,14,32,5
2,14,33,9
2,14,34,7
2,14,35,5
2,14,36,3
2,14,37,4
2,14,38,6
2,14,39,7
2,14,40,7
2,14,41,6
2,14,42,10
2,14,43,13
2,14,44,4
2,14,45,6
2,14,46,5
2,14,47,3
2,14,48,4
2,14,49,6
2,14,50,4
2,14,51,6
2,14,52,8
2,14,54,4
2,14,55,8
2,14,56,3
2,14,57,2
2,14,58,6
2,14,59,6
2,14,60,5
2,14,61,7
2,14,62,7
2,14,63,7
2,14,64,7
2,14,65,7
2,14,66,10
2,14,67,8
2,14,68,6
2,14,69,6
2,14,70,6
2,14,71,3
2,14,72,5
2,14,73,4
2,14,74,6
2,14,75,2
2,14,76,4
2,14,77,2
2,14,78,2
2,14,79,53
2,14,80,7
2,14,81,9
2,14,82,3
2,14,83,4
2,14,84,12
2,14,85,4
2,14,86,1
2,14,88,3
2,14,89,2
2,14,90,4
2,14,91,3
2,14,92,2
2,14,94,2
2,14,95,1
2,14,96,3
2,14,98,1
2,14,99,1
2,15,15,19
2,15,16,1
2,15,17,1
2,15,18,7
2,15,19,7
2,15,20,4
2,15,21,3
2,15,22,4
2,15,23,6
2,15,24,3
2,15,25,10
2,15,26,2
2,15,27,2
2,15,28,5
2,15,29,10
2,15,30,4
2,15,31,5
2,15,32,10
2,15,33,5
2,15,34,10
2,15,35,14
2,15,36,3
2,15,37,8
2,15,38,6
2,15,39,10
2,15,40,5
2,15,41,8
2,15,42,7
2,15,43,2
2,15,44,11
2,15,45,5
2,15,46,9
2,15,47,7
2,15,48,6
2,15,49,6
2,15,50,10
2,15,51,10
2,15,52,7
2,15,53,8
2,15,54,7
2,15,55,6
2,15,56,3
2,15,57,9
2,15,58,8
2,15,59,12
2,15,60,9
2,15,61,10
2,15,62,4
2,15,63,9
2,15,64,11
2,15,65,16
2,15,66,13
2,15,67,14
2,15,68,8
2,15,69,18
2,15,70,13
2,15,71,3
2,15,72,7
2,15,73,2
2,15,74,9
2,15,75,8
2,15,76,12
2,15,77,6
2,15,78,7
2,15,79,4
2,15,80,73
2,15,81,5
2,15,82,5
2,15,83,9
2,15,84,5
2,15,85,10
2,15,86,6
2,15,87,2
2,15,88,6
2,15,89,2
2,15,90,7
2,15,92,2
2,15,93,2
2,15,94,3
2,15,95,3
2,15,96,3
2,15,97,1
2,15,98,1
2,16,16,15
2,16,17,1
2,16,18,3
2,16,19,2
2,16,20,7
2,16,21,2
2,16,23,4
2,16,24,1
2,16,25,3
2,16,26,3
2,16,27,4
2,16,29,3
2,16,30,4
2,16,31,6
2,16,32,2
2,16,33,2
2,16,34,5
2,16,35,4
2,16,36,4
2,16,37,3
2,16,38,1
2,16,39,4
2,16,40,3
2,16,41,3
2,16,42,4
2,16,44,5
2,16,45,3
2,16,46,2
2,16,47,4
2,16,49,4
2,16,50,2
2,16,51,5
2,16,52,4
2,16,53,3
2,16,54,5
2,16,55,6
2,16,56,4
2,16,57,1
2,16,58,9
2,16,59,7
2,16,60,3
2,16,61,3
2,16,62,7
2,16,63,2
2,16,65,2
2,16,66,8
2,16,67,2
2,16,68,3
2,16,69,7
2,16,70,11
2,16,71,9
2,16,73,4
2,16,74,1
2,16,75,2
2,16,76,3
2,16,77,3
2,16,78,6
2,16,79,5
2,16,80,3
2,16,81,35
2,16,82,3
2,16,83,3
2,16,84,2
2,16,85,4
2,16,86,9
2,16,87,1
2,16,88,4
2,16,89,1
2,16,90,2
2,16,91,1
2,16,92,1
2,16,93,2
2,16,95,1
2,16,96,1
2,16,97,1
2,17,17,9
2,17,18,3
2,17,19,3
2,17,20,3
2,17,21,2
2,17,22,1
2,17,23,2
2,17,24,4
2,17,25,1
2,17,26,4
2,17,27,3
2,17,28,2
2,17,29,3
2,17,30,7
2,17,31,5
2,17,32,2
2,17,33,3
2,17,34,2
2,17,35,3
2,17,36,2
2,17,38,2
2,17,39,5
2,17,40,3
2,17,41,4
2,17,42,2
2,17,43,1
2,17,44,1
2,17,45,5
2,17,47,6
2,17,48,1
2,17,50,3
2,17,51,8
2,17,52,5
2,17,53,4
2,17,54,2
2,17,55,2
2,17,56,4
2,17,57,7
2,17,58,4
2,17,59,1
2,17,60,5
2,17,61,1
2,17,62,4
2,17,63,2
2,17,64,4
2,17,65,6
2,17,66,3
2,17,67,3
2,17,68,8
2,17,69,3
2,17,70,7
2,17,71,6
2,17,72,7
2,17,74,2
2,17,75,4
2,17,76,5
2,17,77,7
2,17,78,4
2,17,79,1
2,17,80,1
2,17,81,3
2,17,82,35
2,17,83,2
2,17,84,4
2,17,85,4
2,17,86,2
2,17,87,4
2,17,88,3
2,17,90,3
2,17,91,1
2,17,92,5
2,17,93,1
2,17,94,1
2,17,95,2
2,18,18,7
2,18,19,4
2,18,20,1
2,18,21,4
2,18,22,3
2,18,24,1
2,18,26,1
2,18,28,1
2,18,29,1
2,18,30,2
2,18,31,3
2,18,32,2
2,18,33,2
2,18,34,3
2,18,36,1
2,18,37,2
2,18,38,2
2,18,40,6
2,18,42,4
2,18,44,1
2,18,47,1
2,18,48,4
2,18,49,3
2,18,50,5
2,18,53,3
2,18,54,2
2,18,55,3
2,18,56,3
2,18,57,1
2,18,58,4
2,18,59,1
2,18,60,2
2,18,61,5
2,18,62,5
2,18,63,1
2,18,64,6
2,18,65,2
2,18,66,3
2,18,67,5
2,18,68,5
2,18,69,6
2,18,70,6
2,18,71,6
2,18,72,4
2,18,73,1
2,18,74,1
2,18,75,3
2,18,76,2
2,18,77,4
2,18,78,6
2,18,80,2
2,18,81,2
2,18,82,2
2,18,83,35
2,18,84,1
2,18,85,4
2,18,86,1
2,18,87,4
2,18,88,5
2,18,89,2
2,18,90,4
2,18,91,3
2,18,92,4
2,18,93,2
2,18,94,1
2,18,95,1
2,18,96,2
2,18,98,3
2,18,99,1
2,19,19,6
2,19,20,3
2,19,22,1
2,19,23,2
2,19,24,2
2,19,25,1
2,19,26,2
2,19,27,2
2,19,28,1
2,19,29,1
2,19,30,1
2,19,31,3
2,19,33,3
2,19,35,4
2,19,36,2
2,19,37,1
2,19,38,1
2,19,39,1
2,19,40,5
2,19,41,1
2,19,42,3
2,19,43,3
2,19,44,7
2,19,45,2
2,19,46,3
2,19,50,2
2,19,51,8
2,19,52,1
2,19,54,5
2,19,55,1
2,19,56,3
2,19,57,5
2,19,58,3
2,19,59,1
2,19,60,4
2,19,61,3
2,19,62,2
2,19,63,2
2,19,64,2
2,19,65,2
2,19,66,5
2,19,67,2
2,19,69,4
2,19,70,4
2,19,71,1
2,19,72,2
2,19,73,5
2,19,74,2
2,19,75,4
2,19,76,3
2,19,77,1
2,19,78,2
2,19,79,4
2,19,80,3
2,19,81,2
2,19,82,2
2,19,83,2
2,19,84,33
2,19,85,2
2,19,86,2
2,19,87,3
2,19,88,3
2,19,90,3
2,19,91,1
2,19,92,3
2,19,98,1
2,19,99,1
2,20,20,8
2,20,21,5
2,20,22,4
2,20,23,4
2,20,24,1
2,20,25,5
2,20,27,8
2,20,28,3
2,20,30,2
2,20,31,1
2,20,32,2
2,20,33,5
2,20,35,6
2,20,36,5
2,20,37,4
2,20,38,5
2,20,39,4
2,20,40,3
2,20,41,5
2,20,42,6
2,20,43,2
2,20,44,9
2,20,45,3
2,20,46,2
2,20,47,2
2,20,48,4
2,20,49,3
2,20,50,3
2,20,51,6
2,20,52,1
2,20,53,5
2,20,54,5
2,20,55,5
2,20,56,6
2,20,57,3
2,20,58,8
2,20,59,3
2,20,60,7
2,20,61,6
2,20,62,4
2,20,63,4
2,20,64,5
2,20,65,4
2,20,66,3
2,20,67,5
2,20,68,8
2,20,69,4
2,20,70,9
2,20,71,9
2,20,72,5
2,20,73,7
2,20,74,10
2,20,75,7
2,20,76,3
2,20,77,2
2,20,78,6
2,20,79,2
2,20,80,6
2,20,81,3
2,20,82,4
2,20,83,3
2,20,84,1
2,20,85,46
2,20,86,5
2,20,87,6
2,20,88,1
2,20,89,1
2,20,90,12
2,20,91,1
2,20,92,1
2,20,97,1
2,20,98,2
2,21,21,3
2,21,22,1
2,21,23,1
2,21,24,1
2,21,25,2
2,21,28,2
2,21,30,2
2,21,33,2
2,21,35,1
2,21,37,2
2,21,38,1
2,21,39,3
2,21,40,2
2,21,41,3
2,21,45,1
2,21,46,1
2,21,49,1
2,21,52,1
2,21,53,1
2,21,55,2
2,21,56,1
2,21,57,1
2,21,58,4
2,21,59,1
2,21,60,1
2,21,61,2
2,21,62,2
2,21,63,1
2,21,64,1
2,21,65,2
2,21,66,3
2,21,68,2
2,21,69,1
2,21,70,2
2,21,71,2
2,21,72,1
2,21,73,2
2,21,74,4
2,21,75,4
2,21,76,2
2,21,81,1
2,21,86,20
2,21,88,1
2,21,90,2
2,21,91,1
2,21,96,1
2,22,22,1
2,22,24,1
2,22,27,1
2,22,29,1
2,22,34,1
2,22,35,2
2,22,36,3
2,22,37,1
2,22,38,2
2,22,40,1
2,22,42,1
2,22,43,1
2,22,44,1
2,22,45,2
2,22,48,1
2,22,50,3
2,22,52,3
2,22,55,1
2,22,56,1
2,22,57,1
2,22,59,1
2,22,61,1
2,22,62,3
2,22,65,1
2,22,66,4
2,22,67,1
2,22,68,2
2,22,71,2
2,22,72,1
2,22,74,1
2,22,79,4
2,22,80,2
2,22,82,1
2,22,83,1
2,22,84,1
2,22,86,2
2,22,87,9
2,22,89,1
2,22,92,1
2,22,96,1
2,22,97,1
2,23,23,1
2,23,24,1
2,23,25,1
2,23,29,1
2,23,30,1
2,23,31,1
2,23,37,1
2,23,39,1
2,23,43,1
2,23,45,1
2,23,47,1
2,23,49,1
2,23,50,1
2,23,53,2
2,23,55,1
2,23,57,1
2,23,58,1
2,23,61,1
2,23,62,2
2,23,65,2
2,23,66,1
2,23,67,3
2,23,68,3
2,23,69,1
2,23,70,1
2,23,71,1
2,23,74,1
2,23,78,1
2,23,83,1
2,23,84,1
2,23,86,1
2,23,87,2
2,23,88,2
2,23,89,1
2,23,91,1
2,23,92,1
2,23,93,1
2,24,24,2
2,24,25,1
2,24,27,2
2,24,28,1
2,24,29,2
2,24,30,1
2,24,41,1
2,24,44,1
2,24,46,1
2,24,49,3
2,24,58,1
2,24,60,1
2,24,61,1
2,24,62,1
2,24,64,1
2,24,66,1
2,24,71,1
2,24,72,1
2,24,74,2
2,24,75,2
2,24,81,1
2,24,84,1
2,24,86,1
2,24,87,1
2,24,89,2
2,24,90,1
2,24,97,1
2,25,25,1
2,25,28,1
2,25,29,1
2,25,33,2
2,25,36,1
2,25,38,1
2,25,39,3
2,25,40,3
2,25,43,2
2,25,44,1
2,25,45,1
2,25,47,2
2,25,48,2
2,25,49,1
2,25,51,1
2,25,55,1
2,25,56,1
2,25,57,1
2,25,59,1
2,25,61,1
2,25,63,1
2,25,66,1
2,25,68,1
2,25,72,1
2,25,74,3
2,25,75,2
2,25,77,1
2,25,79,2
2,25,81,1
2,25,82,2
2,25,85,1
2,25,86,1
2,25,88,1
2,25,90,4
2,25,92,1
2,25,95,1
2,25,99,1
2,26,26,1
2,26,28,1
2,26,42,1
2,26,45,1
2,26,54,1
2,26,62,1
2,26,64,1
2,26,66,1
2,26,67,1
2,26,69,1
2,26,76,1
2,26,77,1
2,26,79,1
2,26,91,2
2,27,29,1
2,27,39,1
2,27,41,2
2,27,48,1
2,27,51,1
2,27,55,1
2,27,57,1
2,27,62,1
2,27,75,1
2,27,78,1
2,27,92,1
2,27,94,1
2,27,97,1
2,28,33,1
2,28,39,1
2,28,40,1
2,28,42,1
2,28,50,2
2,28,52,1
2,28,58,1
2,28,70,1
2,28,76,1
2,28,81,1
2,29,32,1
2,29,34,1
2,29,46,1
2,29,52,1
2,29,54,1
2,29,63,1
2,29,79,1
2,29,82,1
2,29,86,1
2,30,34,1
2,30,39,1
2,30,48,1
2,30,50,1
2,30,51,1
2,30,72,1
2,30,78,1
2,30,82,1
2,30,86,1
2,30,90,1
2,31,61,1
2,31,75,1
2,31,85,1
2,32,78,1
2,33,62,1
2,33,98,1
2,34,39,1
2,34,51,1
2,34,81,1
2,34,86,1
2,34,88,1
2,38,97,1
2,40,96,1
2,43,61,1
3,1,1,249
3,1,2,20
3,1,3,20
3,1,4,19
3,1,5,18
3,1,6,18
3,1,7,17
3,1,8,18
3,1,9,16
3,1,10,20
3,1,11,26
3,1,12,30
3,1,13,22
3,1,14,23
3,1,15,25
3,1,16,18
3,1,17,27
3,1,18,27
3,1,19,15
3,1,20,21
3,1,21,22
3,1,22,25
3,1,23,22
3,1,24,26
3,1,25,26
3,1,26,31
3,1,27,25
3,1,28,29
3,1,29,29
3,1,30,22
3,1,31,32
3,1,32,30
3,1,33,27
3,1,34,26
3,1,35,33
3,1,36,36
3,1,37,29
3,1,38,25
3,1,39,30
3,1,40,30
3,1,41,39
3,1,42,37
3,1,43,36
3,1,44,28
3,1,45,35
3,1,46,33
3,1,47,33
3,1,48,37
3,1,49,42
3,1,50,41
3,1,51,49
3,1,52,40
3,1,53,44
3,1,54,37
3,1,55,60
3,1,56,46
3,1,57,35
3,1,58,31
3,1,59,32
3,1,60,42
3,1,61,32
3,1,62,22
3,1,63,26
3,1,64,27
3,1,65,28
3,1,66,366
3,1,67,35
3,1,68,22
3,1,69,24
3,1,70,26
3,1,71,67
3,1,72,28
3,1,73,24
3,1,74,14
3,1,75,18
3,1,76,15
3,1,77,18
3,1,78,15
3,1,79,14
3,1,80,15
3,1,81,17
3,1,82,13
3,1,83,10
3,1,84,8
3,1,85,11
3,1,86,6
3,1,87,11
3,1,88,5
3,1,89,4
3,1,90,6
3,2,2,142
3,2,3,22
3,2,4,10
3,2,5,12
3,2,6,16
3,2,7,16
3,2,8,23
3,2,9,8
3,2,10,19
3,2,11,18
3,2,12,9
3,2,13,15
3,2,14,17
3,2,15,25
3,2,16,17
3,2,17,11
3,2,18,13
3,2,19,14
3,2,20,18
3,2,21,11
3,2,22,18
3,2,23,20
3,2,24,19
3,2,25,12
3,2,26,14
3,2,27,20
3,2,28,21
3,2,29,24
3,2,30,18
3,2,31,28
3,2,32,17
3,2,33,19
3,2,34,23
3,2,35,10
3,2,36,19
3,2,37,23
3,2,38,24
3,2,39,17
3,2,40,22
3,2,41,25
3,2,42,22
3,2,43,24
3,2,44,19
3,2,45,31
3,2,46,25
3,2,47,18
3,2,48,31
3,2,49,27
3,2,50,29
3,2,51,19
3,2,52,27
3,2,53,29
3,2,54,24
3,2,55,51
3,2,56,36
3,2,57,35
3,2,58,11
3,2,59,12
3,2,60,24
3,2,61,22
3,2,62,14
3,2,63,25
3,2,64,22
3,2,65,25
3,2,66,22
3,2,67,264
3,2,68,12
3,2,69,16
3,2,70,21
3,2,71,20
3,2,72,41
3,2,73,17
3,2,74,16
3,2,75,19
3,2,76,18
3,2,77,11
3,2,78,14
3,2,79,8
3,2,80,12
3,2,81,12
3,2,82,14
3,2,83,15
3,2,84,5
3,2,85,4
3,2,86,6
3,2,87,4
3,2,88,3
3,2,89,4
3,2,90,5
3,2,91,4
3,3,3,151
3,3,4,11
3,3,5,16
3,3,6,18
3,3,7,18
3,3,8,21
3,3,9,11
3,3,10,14
3,3,11,11
3,3,12,16
3,3,13,18
3,3,14,14
3,3,15,15
3,3,16,15
3,3,17,25
3,3,18,24
3,3,19,16
3,3,20,17
3,3,21,12
3,3,22,15
3,3,23,19
3,3,24,14
3,3,25,18
3,3,26,20
3,3,27,22
3,3,28,23
3,3,29,20
3,3,30,19
3,3,31,17
3,3,32,16
3,3,33,22
3,3,34,19
3,3,35,20
3,3,36,28
3,3,37,31
3,3,38,21
3,3,39,12
3,3,40,13
3,3,41,19
3,3,42,25
3,3,43,24
3,3,44,15
3,3,45,21
3,3,46,18
3,3,47,22
3,3,48,23
3,3,49,23
3,3,50,20
3,3,51,18
3,3,52,27
3,3,53,23
3,3,54,19
3,3,55,30
3,3,56,39
3,3,57,34
3,3,58,31
3,3,59,24
3,3,60,27
3,3,61,21
3,3,62,20
3,3,63,23
3,3,64,16
3,3,65,17
3,3,66,16
3,3,67,19
3,3,68,223
3,3,69,20
3,3,70,20
3,3,71,15
3,3,72,18
3,3,73,39
3,3,74,12
3,3,75,11
3,3,76,9
3,3,77,15
3,3,78,15
3,3,79,16
3,3,80,7
3,3,81,11
3,3,82,10
3,3,83,18
3,3,84,10
3,3,85,10
3,3,86,3
3,3,87,4
3,3,88,7
3,3,89,7
3,3,90,6
3,3,91,6
3,3,92,4
3,4,4,146
3,4,5,25
3,4,6,16
3,4,7,23
3,4,8,14
3,4,9,15
3,4,10,15
3,4,11,15
3,4,12,12
3,4,13,16
3,4,14,21
3,4,15,18
3,4,16,16
3,4,17,13
3,4,18,14
3,4,19,20
3,4,20,13
3,4,21,19
3,4,22,13
3,4,23,16
3,4,24,13
3,4,25,21
3,4,26,18
3,4,27,16
3,4,28,15
3,4,29,16
3,4,30,22
3,4,31,16
3,4,32,19
3,4,33,25
3,4,34,19
3,4,35,23
3,4,36,13
3,4,37,18
3,4,38,19
3,4,39,31
3,4,40,27
3,4,41,13
3,4,42,19
3,4,43,29
3,4,44,26
3,4,45,21
3,4,46,17
3,4,47,28
3,4,48,31
3,4,49,19
3,4,50,20
3,4,51,15
3,4,52,19
3,4,53,30
3,4,54,34
3,4,55,32
3,4,56,27
3,4,57,27
3,4,58,28
3,4,59,34
3,4,60,23
3,4,61,17
3,4,62,18
3,4,63,33
3,4,64,24
3,4,65,11
3,4,66,17
3,4,67,14
3,4,68,21
3,4,69,244
3,4,70,17
3,4,71,15
3,4,72,18
3,4,73,22
3,4,74,39
3,4,75,13
3,4,76,19
3,4,77,10
3,4,78,11
3,4,79,5
3,4,80,13
3,4,81,16
3,4,82,8
3,4,83,9
3,4,84,19
3,4,85,14
3,4,86,7
3,4,87,9
3,4,88,8
3,4,89,4
3,4,90,8
3,4,91,5
3,4,92,10
3,4,93,1
3,5,5,144
3,5,6,21
3,5,7,16
3,5,8,14
3,5,9,23
3,5,10,20
3,5,11,13
3,5,12,13
3,5,13,8
3,5,14,9
3,5,15,17
3,5,16,18
3,5,17,10
3,5,18,21
3,5,19,27
3,5,20,18
3,5,21,17
3,5,22,21
3,5,23,20
3,5,24,27
3,5,25,20
3,5,26,18
3,5,27,20
3,5,28,21
3,5,29,29
3,5,30,18
3,5,31,11
3,5,32,19
3,5,33,20
3,5,34,19
3,5,35,30
3,5,36,15
3,5,37,22
3,5,38,19
3,5,39,17
3,5,40,26
3,5,41,31
3,5,42,24
3,5,43,25
3,5,44,19
3,5,45,22
3,5,46,20
3,5,47,31
3,5,48,22
3,5,49,36
3,5,50,25
3,5,51,28
3,5,52,27
3,5,53,19
3,5,54,28
3,5,55,36
3,5,56,21
3,5,57,30
3,5,58,29
3,5,59,41
3,5,60,34
3,5,61,16
3,5,62,23
3,5,63,18
3,5,64,27
3,5,65,27
3,5,66,12
3,5,67,12
3,5,68,19
3,5,69,18
3,5,70,253
3,5,71,22
3,5,72,26
3,5,73,25
3,5,74,15
3,5,75,53
3,5,76,14
3,5,77,16
3,5,78,10
3,5,79,16
3,5,80,13
3,5,81,15
3,5,82,6
3,5,83,5
3,5,84,8
3,5,85,12
3,5,86,6
3,5,87,13
3,5,88,9
3,5,89,6
3,5,90,4
3,5,91,6
3,5,92,5
3,5,93,1
3,5,94,5
3,6,6,112
3,6,7,15
3,6,8,16
3,6,9,17
3,6,10,19
3,6,11,12
3,6,12,16
3,6,13,13
3,6,14,20
3,6,15,27
3,6,16,14
3,6,17,9
3,6,18,20
3,6,19,19
3,6,20,31
3,6,21,10
3,6,22,18
3,6,23,11
3,6,24,21
3,6,25,21
3,6,26,24
3,6,27,15
3,6,28,24
3,6,29,18
3,6,30,22
3,6,31,22
3,6,32,15
3,6,33,15
3,6,34,23
3,6,35,15
3,6,36,20
3,6,37,18
3,6,38,25
3,6,39,19
3,6,40,30
3,6,41,18
3,6,42,21
3,6,43,15
3,6,44,26
3,6,45,22
3,6,46,23
3,6,47,28
3,6,48,23
3,6,49,24
3,6,50,28
3,6,51,15
3,6,52,17
3,6,53,24
3,6,54,29
3,6,55,31
3,6,56,38
3,6,57,24
3,6,58,31
3,6,59,31
3,6,60,48
3,6,61,16
3,6,62,22
3,6,63,18
3,6,64,23
3,6,65,26
3,6,66,18
3,6,67,20
3,6,68,16
3,6,69,7
3,6,70,23
3,6,71,244
3,6,72,16
3,6,73,13
3,6,74,18
3,6,75,18
3,6,76,41
3,6,77,12
3,6,78,11
3,6,79,17
3,6,80,12
3,6,81,11
3,6,82,8
3,6,83,6
3,6,84,11
3,6,85,9
3,6,86,11
3,6,87,9
3,6,88,4
3,6,89,5
3,6,90,5
3,6,91,6
3,6,92,7
3,6,93,4
3,6,94,5
3,6,95,3
3,7,7,82
3,7,8,24
3,7,9,12
3,7,10,14
3,7,11,15
3,7,12,12
3,7,13,15
3,7,14,16
3,7,15,11
3,7,16,15
3,7,17,20
3,7,18,13
3,7,19,14
3,7,20,14
3,7,21,11
3,7,22,18
3,7,23,17
3,7,24,13
3,7,25,21
3,7,26,19
3,7,27,7
3,7,28,15
3,7,29,20
3,7,30,19
3,7,31,24
3,7,32,17
3,7,33,23
3,7,34,23
3,7,35,17
3,7,36,23
3,7,37,13
3,7,38,24
3,7,39,20
3,7,40,25
3,7,41,22
3,7,42,29
3,7,43,13
3,7,44,18
3,7,45,22
3,7,46,16
3,7,47,24
3,7,48,22
3,7,49,23
3,7,50,22
3,7,51,28
3,7,52,29
3,7,53,21
3,7,54,19
3,7,55,19
3,7,56,21
3,7,57,26
3,7,58,14
3,7,59,32
3,7,60,25
3,7,61,31
3,7,62,33
3,7,63,13
3,7,64,21
3,7,65,24
3,7,66,29
3,7,67,15
3,7,68,18
3,7,69,19
3,7,70,16
3,7,71,15
3,7,72,197
3,7,73,16
3,7,74,24
3,7,75,14
3,7,76,14
3,7,77,46
3,7,78,11
3,7,79,10
3,7,80,15
3,7,81,9
3,7,82,9
3,7,83,10
3,7,84,16
3,7,85,8
3,7,86,7
3,7,87,9
3,7,88,10
3,7,89,6
3,7,90,4
3,7,91,2
3,7,92,5
3,7,93,7
3,7,94,3
3,7,95,5
3,7,96,8
3,8,8,86
3,8,9,13
3,8,10,25
3,8,11,17
3,8,12,18
3,8,13,12
3,8,14,14
3,8,15,13
3,8,16,13
3,8,17,12
3,8,18,14
3,8,19,10
3,8,20,19
3,8,21,9
3,8,22,20
3,8,23,13
3,8,24,10
3,8,25,12
3,8,26,12
3,8,27,21
3,8,28,14
3,8,29,14
3,8,30,15
3,8,31,6
3,8,32,15
3,8,33,20
3,8,34,17
3,8,35,16
3,8,36,11
3,8,37,20
3,8,38,15
3,8,39,14
3,8,40,23
3,8,41,23
3,8,42,16
3,8,43,13
3,8,44,24
3,8,45,19
3,8,46,17
3,8,47,14
3,8,48,20
3,8,49,17
3,8,50,13
3,8,51,21
3,8,52,21
3,8,53,21
3,8,54,23
3,8,55,20
3,8,56,17
3,8,57,27
3,8,58,37
3,8,59,23
3,8,60,20
3,8,61,33
3,8,62,30
3,8,63,22
3,8,64,12
3,8,65,24
3,8,66,20
3,8,67,17
3,8,68,15
3,8,69,14
3,8,70,13
3,8,71,8
3,8,72,15
3,8,73,197
3,8,74,13
3,8,75,14
3,8,76,15
3,8,77,24
3,8,78,34
3,8,79,14
3,8,80,9
3,8,81,14
3,8,82,4
3,8,83,6
3,8,84,6
3,8,85,5
3,8,86,3
3,8,87,10
3,8,88,9
3,8,89,13
3,8,90,8
3,8,91,10
3,8,92,6
3,8,93,4
3,8,94,3
3,8,95,4
3,8,96,8
3,8,97,8
3,9,9,61
3,9,10,14
3,9,11,15
3,9,12,13
3,9,13,22
3,9,14,15
3,9,15,15
3,9,16,15
3,9,17,11
3,9,18,10
3,9,19,14
3,9,20,8
3,9,21,15
3,9,22,10
3,9,23,17
3,9,24,19
3,9,25,12
3,9,26,10
3,9,27,14
3,9,28,14
3,9,29,8
3,9,30,7
3,9,31,10
3,9,32,15
3,9,33,16
3,9,34,10
3,9,35,13
3,9,36,9
3,9,37,15
3,9,38,14
3,9,39,22
3,9,40,9
3,9,41,13
3,9,42,12
3,9,43,8
3,9,44,11
3,9,45,12
3,9,46,13
3,9,47,11
3,9,48,25
3,9,49,16
3,9,50,17
3,9,51,17
3,9,52,9
3,9,53,16
3,9,54,19
3,9,55,17
3,9,56,19
3,9,57,15
3,9,58,13
3,9,59,27
3,9,60,29
3,9,61,30
3,9,62,18
3,9,63,24
3,9,64,22
3,9,65,21
3,9,66,12
3,9,67,18
3,9,68,22
3,9,69,8
3,9,70,13
3,9,71,5
3,9,72,15
3,9,73,14
3,9,74,171
3,9,75,10
3,9,76,10
3,9,77,8
3,9,78,11
3,9,79,26
3,9,80,22
3,9,81,5
3,9,82,6
3,9,83,16
3,9,84,9
3,9,85,4
3,9,86,8
3,9,87,4
3,9,88,8
3,9,89,11
3,9,90,5
3,9,91,7
3,9,92,5
3,9,93,2
3,9,94,5
3,9,95,2
3,9,96,6
3,9,97,12
3,9,98,3
3,10,10,44
3,10,11,18
3,10,12,20
3,10,13,19
3,10,14,15
3,10,15,20
3,10,16,17
3,10,17,23
3,10,18,21
3,10,19,20
3,10,20,28
3,10,21,15
3,10,22,17
3,10,23,27
3,10,24,18
3,10,25,18
3,10,26,26
3,10,27,18
3,10,28,19
3,10,29,15
3,10,30,29
3,10,31,17
3,10,32,17
3,10,33,15
3,10,34,22
3,10,35,36
3,10,36,17
3,10,37,28
3,10,38,17
3,10,39,23
3,10,40,28
3,10,41,30
3,10,42,20
3,10,43,17
3,10,44,28
3,10,45,39
3,10,46,20
3,10,47,19
3,10,48,32
3,10,49,30
3,10,50,33
3,10,51,23
3,10,52,21
3,10,53,32
3,10,54,20
3,10,55,34
3,10,56,27
3,10,57,23
3,10,58,29
3,10,59,20
3,10,60,44
3,10,61,35
3,10,62,34
3,10,63,37
3,10,64,41
3,10,65,38
3,10,66,19
3,10,67,23
3,10,68,23
3,10,69,22
3,10,70,28
3,10,71,22
3,10,72,19
3,10,73,18
3,10,74,19
3,10,75,239
3,10,76,24
3,10,77,16
3,10,78,20
3,10,79,18
3,10,80,43
3,10,81,11
3,10,82,11
3,10,83,22
3,10,84,14
3,10,85,18
3,10,86,11
3,10,87,6
3,10,88,6
3,10,89,8
3,10,90,13
3,10,91,13
3,10,92,7
3,10,93,8
3,10,94,1
3,10,95,7
3,10,96,7
3,10,97,2
3,10,98,7
3,10,99,6
3,11,11,39
3,11,12,9
3,11,13,8
3,11,14,5
3,11,15,9
3,11,16,7
3,11,17,5
3,11,18,4
3,11,19,6
3,11,20,8
3,11,21,13
3,11,22,8
3,11,23,7
3,11,24,9
3,11,25,10
3,11,26,7
3,11,27,8
3,11,28,7
3,11,29,12
3,11,30,13
3,11,31,5
3,11,32,7
3,11,33,7
3,11,34,6
3,11,35,11
3,11,36,6
3,11,37,9
3,11,38,9
3,11,39,11
3,11,40,10
3,11,41,13
3,11,42,5
3,11,43,8
3,11,44,9
3,11,45,7
3,11,46,8
3,11,47,11
3,11,48,7
3,11,49,13
3,11,50,7
3,11,51,12
3,11,52,11
3,11,53,1
3,11,54,17
3,11,55,13
3,11,56,7
3,11,57,5
3,11,58,9
3,11,59,14
3,11,60,10
3,11,61,12
3,11,62,7
3,11,63,13
3,11,64,11
3,11,65,23
3,11,66,9
3,11,67,14
3,11,68,10
3,11,69,6
3,11,70,15
3,11,71,8
3,11,72,9
3,11,73,8
3,11,74,4
3,11,75,9
3,11,76,89
3,11,77,6
3,11,78,10
3,11,79,7
3,11,80,6
3,11,81,18
3,11,82,4
3,11,83,4
3,11,84,8
3,11,85,8
3,11,86,5
3,11,87,2
3,11,88,7
3,11,89,2
3,11,90,5
3,11,91,3
3,11,92,5
3,11,93,2
3,11,94,3
3,11,95,7
3,11,96,2
3,11,97,4
3,11,98,1
3,11,99,7
3,12,12,24
3,12,13,9
3,12,14,2
3,12,15,10
3,12,16,4
3,12,17,4
3,12,18,3
3,12,19,8
3,12,20,8
3,12,21,5
3,12,22,7
3,12,23,4
3,12,24,7
3,12,25,6
3,12,26,12
3,12,27,2
3,12,28,8
3,12,29,11
3,12,30,10
3,12,31,6
3,12,32,3
3,12,33,6
3,12,34,7
3,12,35,4
3,12,36,15
3,12,37,5
3,12,38,8
3,12,39,4
3,12,40,10
3,12,41,8
3,12,42,5
3,12,43,14
3,12,44,11
3,12,45,7
3,12,46,10
3,12,47,10
3,12,48,6
3,12,49,2
3,12,50,3
3,12,51,9
3,12,52,15
3,12,53,4
3,12,54,7
3,12,55,9
3,12,56,7
3,12,57,12
3,12,58,5
3,12,59,6
3,12,60,6
3,12,61,7
3,12,62,10
3,12,63,13
3,12,64,7
3,12,65,16
3,12,66,13
3,12,67,11
3,12,68,8
3,12,69,5
3,12,70,12
3,12,71,7
3,12,72,5
3,12,73,7
3,12,74,6
3,12,75,14
3,12,76,7
3,12,77,71
3,12,78,6
3,12,79,8
3,12,80,3
3,12,81,4
3,12,82,11
3,12,83,5
3,12,84,3
3,12,85,4
3,12,86,5
3,12,88,3
3,12,89,10
3,12,90,4
3,12,91,3
3,12,92,3
3,12,93,1
3,12,95,7
3,12,96,2
3,12,97,2
3,12,98,2
3,13,13,17
3,13,14,3
3,13,15,4
3,13,16,3
3,13,17,4
3,13,18,4
3,13,19,7
3,13,20,5
3,13,21,5
3,13,22,8
3,13,23,6
3,13,24,6
3,13,25,10
3,13,26,7
3,13,27,5
3,13,28,5
3,13,29,5
3,13,30,3
3,13,31,5
3,13,32,4
3,13,33,7
3,13,34,7
3,13,35,3
3,13,36,3
3,13,37,8
3,13,38,6
3,13,39,7
3,13,40,4
3,13,41,6
3,13,42,4
3,13,43,4
3,13,44,3
3,13,45,7
3,13,46,2
3,13,47,9
3,13,48,5
3,13,49,5
3,13,50,6
3,13,51,3
3,13,52,6
3,13,53,8
3,13,54,9
3,13,55,8
3,13,56,4
3,13,57,8
3,13,58,5
3,13,59,10
3,13,60,8
3,13,61,7
3,13,62,7
3,13,63,10
3,13,64,6
3,13,65,10
3,13,66,11
3,13,67,6
3,13,68,7
3,13,69,2
3,13,70,14
3,13,71,2
3,13,72,5
3,13,73,8
3,13,74,7
3,13,75,10
3,13,76,6
3,13,77,1
3,13,78,57
3,13,79,3
3,13,80,4
3,13,82,7
3,13,83,8
3,13,84,5
3,13,87,2
3,13,88,5
3,13,89,1
3,13,90,4
3,13,91,2
3,13,92,3
3,13,93,5
3,13,94,3
3,13,96,2
3,13,97,2
3,13,98,1
3,13,99,1
3,14,14,9
3,14,15,7
3,14,16,4
3,14,17,5
3,14,18,5
3,14,19,6
3,14,20,4
3,14,21,6
3,14,22,1
3,14,23,2
3,14,24,3
3,14,25,2
3,14,26,2
3,14,27,6
3,14,28,5
3,14,29,1
3,14,30,3
3,14,31,4
3,14,32,5
3,14,33,8
3,14,34,5
3,14,35,6
3,14,36,3
3,14,37,7
3,14,38,6
3,14,39,6
3,14,40,2
3,14,41,2
3,14,42,4
3,14,43,7
3,14,44,4
3,14,45,2
3,14,46,2
3,14,47,5
3,14,48,2
3,14,49,4
3,14,50,4
3,14,51,3
3,14,52,5
3,14,53,5
3,14,54,7
3,14,55,7
3,14,56,10
3,14,57,6
3,14,58,2
3,14,59,3
3,14,60,5
3,14,61,6
3,14,62,4
3,14,63,1
3,14,64,12
3,14,65,4
3,14,66,10
3,14,67,4
3,14,68,11
3,14,69,7
3,14,70,8
3,14,71,2
3,14,72,3
3,14,73,5
3,14,74,4
3,14,75,4
3,14,76,4
3,14,77,5
3,14,79,48
3,14,80,2
3,14,81,4
3,14,82,2
3,14,83,4
3,14,84,6
3,14,85,6
3,14,86,3
3,14,87,3
3,14,88,3
3,14,89,1
3,14,90,2
3,14,91,1
3,14,92,3
3,14,93,1
3,14,94,1
3,14,95,2
3,14,98,1
3,14,99,1
3,15,15,14
3,15,16,1
3,15,17,3
3,15,18,7
3,15,19,6
3,15,20,1
3,15,22,6
3,15,23,6
3,15,24,5
3,15,25,5
3,15,26,1
3,15,27,2
3,15,28,5
3,15,29,4
3,15,30,7
3,15,31,4
3,15,32,5
3,15,33,4
3,15,34,3
3,15,35,6
3,15,36,4
3,15,37,10
3,15,38,3
3,15,39,8
3,15,40,4
3,15,41,2
3,15,42,7
3,15,43,4
3,15,44,10
3,15,45,4
3,15,46,2
3,15,47,4
3,15,48,3
3,15,49,3
3,15,50,8
3,15,51,6
3,15,52,7
3,15,53,8
3,15,54,5
3,15,55,5
3,15,56,9
3,15,57,5
3,15,58,7
3,15,59,6
3,15,60,6
3,15,61,10
3,15,62,6
3,15,63,3
3,15,64,8
3,15,65,8
3,15,66,6
3,15,67,13
3,15,68,7
3,15,69,11
3,15,70,12
3,15,71,4
3,15,72,1
3,15,73,4
3,15,74,5
3,15,75,9
3,15,76,7
3,15,77,6
3,15,78,4
3,15,79,4
3,15,80,59
3,15,81,4
3,15,82,3
3,15,83,4
3,15,84,2
3,15,85,10
3,15,86,3
3,15,87,1
3,15,88,3
3,15,89,2
3,15,90,4
3,15,91,1
3,15,94,2
3,15,95,3
3,15,96,2
3,15,97,1
3,15,98,1
3,16,16,12
3,16,17,1
3,16,18,2
3,16,19,6
3,16,20,2
3,16,21,4
3,16,22,4
3,16,23,2
3,16,24,3
3,16,25,2
3,16,26,1
3,16,27,3
3,16,28,3
3,16,29,3
3,16,30,6
3,16,31,4
3,16,32,2
3,16,33,1
3,16,34,5
3,16,35,5
3,16,36,4
3,16,38,1
3,16,39,3
3,16,40,6
3,16,41,1
3,16,42,2
3,16,43,2
3,16,44,2
3,16,45,4
3,16,46,3
3,16,47,5
3,16,48,1
3,16,49,1
3,16,50,1
3,16,51,4
3,16,52,2
3,16,53,1
3,16,54,3
3,16,55,3
3,16,56,2
3,16,57,1
3,16,58,4
3,16,59,3
3,16,60,7
3,16,61,3
3,16,62,7
3,16,63,5
3,16,64,7
3,16,65,2
3,16,66,4
3,16,67,4
3,16,68,5
3,16,69,7
3,16,70,3
3,16,71,3
3,16,72,2
3,16,73,3
3,16,74,3
3,16,75,2
3,16,76,1
3,16,77,3
3,16,78,6
3,16,79,3
3,16,80,1
3,16,81,50
3,16,82,2
3,16,83,3
3,16,84,3
3,16,85,3
3,16,86,7
3,16,87,1
3,16,88,3
3,16,90,3
3,16,91,4
3,16,93,1
3,16,96,3
3,16,98,1
3,16,99,1
3,17,17,7
3,17,18,3
3,17,19,1
3,17,20,4
3,17,21,5
3,17,22,1
3,17,23,2
3,17,24,2
3,17,25,3
3,17,26,1
3,17,28,2
3,17,29,2
3,17,32,3
3,17,33,4
3,17,35,2
3,17,36,1
3,17,37,1
3,17,39,2
3,17,40,2
3,17,41,3
3,17,42,3
3,17,43,3
3,17,44,1
3,17,45,4
3,17,46,3
3,17,47,5
3,17,48,2
3,17,50,4
3,17,51,1
3,17,52,5
3,17,53,3
3,17,54,3
3,17,55,3
3,17,56,4
3,17,57,2
3,17,58,1
3,17,59,2
3,17,60,3
3,17,61,2
3,17,62,3
3,17,63,4
3,17,64,4
3,17,65,2
3,17,66,1
3,17,67,2
3,17,68,5
3,17,69,4
3,17,70,3
3,17,71,8
3,17,72,5
3,17,73,1
3,17,74,3
3,17,75,2
3,17,76,7
3,17,77,2
3,17,78,2
3,17,79,1
3,17,80,1
3,17,81,2
3,17,82,42
3,17,83,1
3,17,84,2
3,17,85,4
3,17,86,1
3,17,87,4
3,17,88,3
3,17,89,2
3,17,90,3
3,17,91,2
3,17,92,2
3,17,93,1
3,17,95,1
3,17,96,1
3,18,18,10
3,18,19,4
3,18,20,2
3,18,21,1
3,18,22,2
3,18,25,1
3,18,26,1
3,18,27,1
3,18,28,3
3,18,31,2
3,18,32,4
3,18,33,2
3,18,34,3
3,18,35,3
3,18,36,1
3,18,37,4
3,18,38,1
3,18,39,2
3,18,40,3
3,18,42,7
3,18,43,3
3,18,45,2
3,18,46,2
3,18,47,4
3,18,48,1
3,18,49,4
3,18,50,3
3,18,52,2
3,18,53,3
3,18,54,4
3,18,55,3
3,18,56,2
3,18,57,3
3,18,58,4
3,18,59,3
3,18,60,2
3,18,61,3
3,18,62,3
3,18,63,3
3,18,64,4
3,18,65,5
3,18,66,1
3,18,67,4
3,18,68,4
3,18,69,5
3,18,70,5
3,18,71,3
3,18,72,5
3,18,73,1
3,18,74,2
3,18,75,1
3,18,76,3
3,18,77,3
3,18,78,3
3,18,80,4
3,18,81,1
3,18,83,22
3,18,84,3
3,18,85,6
3,18,86,2
3,18,87,6
3,18,88,5
3,18,91,1
3,18,92,1
3,18,95,1
3,18,96,1
3,18,97,1
3,18,99,2
3,19,19,8
3,19,20,2
3,19,21,3
3,19,22,4
3,19,24,2
3,19,25,3
3,19,26,1
3,19,28,2
3,19,29,2
3,19,31,3
3,19,32,3
3,19,33,4
3,19,34,4
3,19,35,1
3,19,37,2
3,19,38,2
3,19,39,1
3,19,40,5
3,19,41,1
3,19,42,1
3,19,43,2
3,19,44,2
3,19,45,1
3,19,49,3
3,19,50,1
3,19,51,3
3,19,52,1
3,19,53,2
3,19,54,4
3,19,55,2
3,19,56,3
3,19,57,4
3,19,58,1
3,19,59,1
3,19,60,3
3,19,61,4
3,19,62,2
3,19,63,4
3,19,64,2
3,19,65,1
3,19,66,3
3,19,67,5
3,19,68,1
3,19,69,2
3,19,70,3
3,19,71,1
3,19,73,4
3,19,75,2
3,19,78,2
3,19,79,3
3,19,80,3
3,19,82,2
3,19,83,1
3,19,84,23
3,19,85,4
3,19,86,2
3,19,87,2
3,19,88,1
3,19,89,2
3,19,92,4
3,19,93,2
3,19,97,2
3,19,98,1
3,19,99,1
3,20,20,5
3,20,21,2
3,20,22,1
3,20,23,4
3,20,25,1
3,20,27,3
3,20,30,1
3,20,31,1
3,20,32,1
3,20,33,2
3,20,35,3
3,20,36,4
3,20,37,1
3,20,38,2
3,20,39,1
3,20,40,1
3,20,41,3
3,20,42,4
3,20,43,1
3,20,44,1
3,20,45,2
3,20,46,1
3,20,47,1
3,20,48,4
3,20,49,2
3,20,50,3
3,20,51,4
3,20,53,1
3,20,54,3
3,20,55,3
3,20,56,2
3,20,58,6
3,20,60,3
3,20,61,1
3,20,62,2
3,20,63,2
3,20,64,3
3,20,65,2
3,20,66,2
3,20,67,2
3,20,68,5
3,20,69,5
3,20,70,8
3,20,71,4
3,20,73,2
3,20,74,8
3,20,75,2
3,20,76,1
3,20,77,3
3,20,78,4
3,20,79,1
3,20,80,5
3,20,83,1
3,20,85,30
3,20,87,1
3,20,88,1
3,20,89,1
3,20,90,5
3,20,91,1
3,20,92,1
3,20,93,1
3,20,96,1
3,21,21,2
3,21,22,3
3,21,23,2
3,21,25,1
3,21,26,2
3,21,29,2
3,21,30,1
3,21,33,1
3,21,34,1
3,21,37,1
3,21,38,1
3,21,39,2
3,21,40,1
3,21,41,3
3,21,42,1
3,21,43,2
3,21,44,1
3,21,45,1
3,21,47,1
3,21,48,1
3,21,49,1
3,21,54,3
3,21,55,2
3,21,56,3
3,21,57,2
3,21,58,3
3,21,61,1
3,21,62,1
3,21,63,3
3,21,65,2
3,21,66,2
3,21,67,3
3,21,68,1
3,21,70,1
3,21,72,1
3,21,73,2
3,21,74,1
3,21,75,1
3,21,76,2
3,21,78,1
3,21,79,1
3,21,80,1
3,21,81,1
3,21,82,2
3,21,84,1
3,21,85,1
3,21,86,15
3,21,88,1
3,21,90,2
3,21,91,1
3,21,92,2
3,22,22,4
3,22,23,1
3,22,24,1
3,22,25,1
3,22,26,1
3,22,27,2
3,22,29,2
3,22,31,1
3,22,32,1
3,22,33,1
3,22,34,1
3,22,36,1
3,22,37,2
3,22,38,1
3,22,41,1
3,22,44,2
3,22,45,4
3,22,46,1
3,22,47,1
3,22,48,1
3,22,50,2
3,22,52,2
3,22,54,1
3,22,58,2
3,22,61,2
3,22,63,1
3,22,64,2
3,22,65,1
3,22,66,2
3,22,67,4
3,22,71,1
3,22,72,3
3,22,73,1
3,22,74,2
3,22,76,2
3,22,77,1
3,22,78,1
3,22,79,4
3,22,80,3
3,22,81,2
3,22,82,2
3,22,83,1
3,22,84,1
3,22,85,2
3,22,87,4
3,22,89,1
3,22,92,1
3,22,93,1
3,22,96,1
3,23,25,1
3,23,27,1
3,23,29,1
3,23,31,1
3,23,35,1
3,23,39,1
3,23,40,1
3,23,43,1
3,23,45,1
3,23,48,1
3,23,49,1
3,23,50,1
3,23,51,1
3,23,53,1
3,23,54,2
3,23,55,2
3,23,56,2
3,23,57,2
3,23,58,2
3,23,60,1
3,23,62,2
3,23,63,1
3,23,65,2
3,23,67,2
3,23,68,4
3,23,69,1
3,23,72,1
3,23,73,1
3,23,74,1
3,23,75,1
3,23,76,1
3,23,78,1
3,23,80,1
3,23,81,1
3,23,82,1
3,23,88,5
3,23,92,1
3,23,93,3
3,24,24,2
3,24,26,1
3,24,27,2
3,24,36,1
3,24,40,2
3,24,43,2
3,24,44,1
3,24,46,1
3,24,49,1
3,24,51,1
3,24,53,1
3,24,60,2
3,24,61,1
3,24,64,2
3,24,68,1
3,24,72,3
3,24,73,1
3,24,75,1
3,24,78,2
3,24,80,1
3,24,89,4
3,24,90,2
3,25,25,3
3,25,33,1
3,25,37,1
3,25,40,2
3,25,42,1
3,25,43,1
3,25,44,1
3,25,45,2
3,25,48,1
3,25,49,2
3,25,50,1
3,25,53,2
3,25,55,1
3,25,57,1
3,25,63,1
3,25,64,1
3,25,66,1
3,25,68,1
3,25,72,2
3,25,74,2
3,25,75,1
3,25,76,1
3,25,77,2
3,25,79,1
3,25,80,2
3,25,82,1
3,25,85,1
3,25,90,4
3,25,91,1
3,25,95,1
3,26,27,1
3,26,32,1
3,26,36,1
3,26,37,1
3,26,46,1
3,26,59,1
3,26,61,1
3,26,64,1
3,26,69,1
3,26,73,1
3,26,79,1
3,26,81,2
3,26,82,1
3,26,83,1
3,26,91,5
3,26,96,1
3,27,27,1
3,27,31,1
3,27,36,1
3,27,41,2
3,27,46,1
3,27,50,1
3,27,53,1
3,27,55,1
3,27,56,1
3,27,62,2
3,27,64,1
3,27,70,1
3,27,71,1
3,27,78,1
3,27,79,1
3,27,82,1
3,27,84,1
3,27,92,3
3,28,33,1
3,28,42,1
3,28,45,1
3,28,50,1
3,28,58,1
3,28,59,1
3,28,68,1
3,28,77,1
3,28,78,1
3,28,82,1
3,28,85,1
3,28,88,1
3,28,93,1
3,29,32,1
3,29,46,1
3,29,47,1
3,29,48,2
3,29,49,1
3,29,59,1
3,29,71,1
3,29,83,1
3,29,84,1
3,29,94,2
3,30,34,1
3,30,35,1
3,30,50,1
3,30,51,1
3,30,70,1
3,30,71,1
3,30,81,1
3,30,93,1
3,30,95,1
3,31,32,1
3,31,40,1
3,31,45,1
3,31,84,1
3,32,43,1
3,32,46,1
3,32,50,1
3,32,51,1
3,32,78,1
3,32,79,1
3,32,84,1
3,32,85,1
3,33,38,1
3,33,63,1
3,33,96,1
3,34,42,1
3,34,58,1
3,34,99,1
3,36,64,1
3,36,72,1
3,36,82,1
3,37,89,1
3,38,43,1
3,39,98,1
4,1,1,134
4,1,2,13
4,1,3,13
4,1,4,16
4,1,5,17
4,1,6,15
4,1,7,13
4,1,8,8
4,1,9,9
4,1,10,10
4,1,11,15
4,1,12,12
4,1,13,19
4,1,14,12
4,1,15,16
4,1,16,16
4,1,17,18
4,1,18,14
4,1,19,13
4,1,20,12
4,1,21,14
4,1,22,18
4,1,23,16
4,1,24,14
4,1,25,18
4,1,26,14
4,1,27,18
4,1,28,25
4,1,29,14
4,1,30,10
4,1,31,20
4,1,32,18
4,1,33,16
4,1,34,17
4,1,35,18
4,1,36,26
4,1,37,25
4,1,38,19
4,1,39,15
4,1,40,21
4,1,41,11
4,1,42,18
4,1,43,18
4,1,44,11
4,1,45,20
4,1,46,11
4,1,47,17
4,1,48,12
4,1,49,21
4,1,50,28
4,1,51,32
4,1,52,21
4,1,53,17
4,1,54,20
4,1,55,34
4,1,56,19
4,1,57,13
4,1,58,15
4,1,59,17
4,1,60,19
4,1,61,18
4,1,62,8
4,1,63,9
4,1,64,10
4,1,65,14
4,1,66,159
4,1,67,20
4,1,68,15
4,1,69,14
4,1,70,21
4,1,71,31
4,1,72,12
4,1,73,8
4,1,74,8
4,1,75,7
4,1,76,12
4,1,77,5
4,1,78,9
4,1,79,11
4,1,80,9
4,1,81,18
4,1,82,9
4,1,83,8
4,1,84,3
4,1,85,5
4,1,86,2
4,1,87,2
4,1,88,5
4,1,89,9
4,1,90,4
4,2,2,85
4,2,3,12
4,2,4,14
4,2,5,7
4,2,6,9
4,2,7,9
4,2,8,11
4,2,9,9
4,2,10,5
4,2,11,8
4,2,12,6
4,2,13,9
4,2,14,5
4,2,15,13
4,2,16,6
4,2,17,9
4,2,18,3
4,2,19,7
4,2,20,10
4,2,21,7
4,2,22,5
4,2,23,10
4,2,24,11
4,2,25,10
4,2,26,10
4,2,27,12
4,2,28,10
4,2,29,10
4,2,30,8
4,2,31,9
4,2,32,11
4,2,33,8
4,2,34,20
4,2,35,6
4,2,36,9
4,2,37,8
4,2,38,11
4,2,39,5
4,2,40,12
4,2,41,14
4,2,42,13
4,2,43,15
4,2,44,19
4,2,45,12
4,2,46,13
4,2,47,15
4,2,48,8
4,2,49,15
4,2,50,17
4,2,51,5
4,2,52,11
4,2,53,8
4,2,54,18
4,2,55,32
4,2,56,21
4,2,57,14
4,2,58,10
4,2,59,10
4,2,60,10
4,2,61,11
4,2,62,4
4,2,63,5
4,2,64,11
4,2,65,14
4,2,66,8
4,2,67,129
4,2,68,4
4,2,69,5
4,2,70,12
4,2,71,11
4,2,72,27
4,2,73,7
4,2,74,9
4,2,75,10
4,2,76,6
4,2,77,5
4,2,78,8
4,2,79,6
4,2,80,6
4,2,81,4
4,2,82,8
4,2,83,6
4,2,84,9
4,2,85,3
4,2,86,6
4,2,87,3
4,2,89,2
4,2,90,3
4,2,91,1
4,3,3,80
4,3,4,8
4,3,5,6
4,3,6,9
4,3,7,10
4,3,8,5
4,3,9,6
4,3,10,9
4,3,11,11
4,3,12,4
4,3,13,9
4,3,14,11
4,3,15,12
4,3,16,10
4,3,17,8
4,3,18,14
4,3,19,13
4,3,20,11
4,3,21,9
4,3,22,6
4,3,23,6
4,3,24,6
4,3,25,9
4,3,26,8
4,3,27,13
4,3,28,9
4,3,29,9
4,3,30,15
4,3,31,13
4,3,32,14
4,3,33,14
4,3,34,10
4,3,35,12
4,3,36,16
4,3,37,13
4,3,38,16
4,3,39,7
4,3,40,7
4,3,41,10
4,3,42,9
4,3,43,11
4,3,44,8
4,3,45,8
4,3,46,10
4,3,47,10
4,3,48,15
4,3,49,9
4,3,50,9
4,3,51,7
4,3,52,11
4,3,53,15
4,3,54,11
4,3,55,15
4,3,56,11
4,3,57,18
4,3,58,19
4,3,59,13
4,3,60,12
4,3,61,12
4,3,62,10
4,3,63,7
4,3,64,6
4,3,65,8
4,3,66,6
4,3,67,14
4,3,68,103
4,3,69,13
4,3,70,9
4,3,71,6
4,3,72,14
4,3,73,17
4,3,74,8
4,3,75,6
4,3,76,5
4,3,77,7
4,3,78,5
4,3,79,6
4,3,80,7
4,3,81,5
4,3,82,7
4,3,83,5
4,3,84,2
4,3,85,2
4,3,86,1
4,3,87,1
4,3,88,6
4,3,89,3
4,3,90,1
4,3,91,4
4,3,92,4
4,4,4,60
4,4,5,11
4,4,6,11
4,4,7,9
4,4,8,8
4,4,9,12
4,4,10,8
4,4,11,8
4,4,12,7
4,4,13,9
4,4,14,10
4,4,15,15
4,4,16,3
4,4,17,6
4,4,18,12
4,4,19,6
4,4,20,8
4,4,21,5
4,4,22,6
4,4,23,8
4,4,24,10
4,4,25,13
4,4,26,4
4,4,27,8
4,4,28,9
4,4,29,7
4,4,30,9
4,4,31,5
4,4,32,9
4,4,33,10
4,4,34,14
4,4,35,13
4,4,36,8
4,4,37,11
4,4,38,12
4,4,39,13
4,4,40,10
4,4,41,9
4,4,42,12
4,4,43,10
4,4,44,13
4,4,45,14
4,4,46,8
4,4,47,12
4,4,48,7
4,4,49,12
4,4,50,14
4,4,51,12
4,4,52,9
4,4,53,12
4,4,54,15
4,4,55,15
4,4,56,15
4,4,57,11
4,4,58,20
4,4,59,18
4,4,60,14
4,4,61,11
4,4,62,13
4,4,63,15
4,4,64,12
4,4,65,4
4,4,66,8
4,4,67,6
4,4,68,11
4,4,69,109
4,4,70,9
4,4,71,8
4,4,72,7
4,4,73,11
4,4,74,13
4,4,75,5
4,4,76,9
4,4,77,3
4,4,78,5
4,4,79,3
4,4,80,7
4,4,81,4
4,4,82,2
4,4,83,2
4,4,84,8
4,4,85,5
4,4,86,4
4,4,87,4
4,4,88,5
4,4,89,1
4,4,90,3
4,4,91,1
4,4,92,4
4,4,93,5
4,5,5,74
4,5,6,14
4,5,7,9
4,5,8,14
4,5,9,13
4,5,10,10
4,5,11,4
4,5,12,9
4,5,13,7
4,5,14,6
4,5,15,10
4,5,16,10
4,5,17,11
4,5,18,12
4,5,19,15
4,5,20,11
4,5,21,3
4,5,22,11
4,5,23,6
4,5,24,16
4,5,25,13
4,5,26,11
4,5,27,7
4,5,28,6
4,5,29,10
4,5,30,12
4,5,31,13
4,5,32,14
4,5,33,11
4,5,34,15
4,5,35,11
4,5,36,12
4,5,37,12
4,5,38,9
4,5,39,13
4,5,40,19
4,5,41,11
4,5,42,7
4,5,43,11
4,5,44,12
4,5,45,12
4,5,46,9
4,5,47,12
4,5,48,12
4,5,49,19
4,5,50,9
4,5,51,12
4,5,52,14
4,5,53,10
4,5,54,14
4,5,55,23
4,5,56,10
4,5,57,10
4,5,58,20
4,5,59,20
4,5,60,14
4,5,61,4
4,5,62,14
4,5,63,9
4,5,64,16
4,5,65,13
4,5,66,5
4,5,67,6
4,5,68,14
4,5,69,5
4,5,70,117
4,5,71,9
4,5,72,9
4,5,73,10
4,5,74,5
4,5,75,23
4,5,76,11
4,5,77,10
4,5,78,7
4,5,79,5
4,5,80,1
4,5,81,4
4,5,82,8
4,5,83,1
4,5,84,2
4,5,85,5
4,5,86,5
4,5,87,4
4,5,88,4
4,5,89,4
4,5,90,1
4,5,91,4
4,5,92,2
4,5,93,3
4,5,94,6
4,6,6,70
4,6,7,5
4,6,8,5
4,6,9,7
4,6,10,8
4,6,11,4
4,6,12,7
4,6,13,7
4,6,14,7
4,6,15,11
4,6,16,15
4,6,17,4
4,6,18,11
4,6,19,8
4,6,20,18
4,6,21,11
4,6,22,6
4,6,23,4
4,6,24,9
4,6,25,14
4,6,26,14
4,6,27,9
4,6,28,4
4,6,29,8
4,6,30,18
4,6,31,10
4,6,32,3
4,6,33,7
4,6,34,12
4,6,35,11
4,6,36,7
4,6,37,7
4,6,38,10
4,6,39,7
4,6,40,11
4,6,41,3
4,6,42,7
4,6,43,7
4,6,44,10
4,6,45,11
4,6,46,14
4,6,47,11
4,6,48,7
4,6,49,8
4,6,50,16
4,6,51,7
4,6,52,6
4,6,53,9
4,6,54,12
4,6,55,14
4,6,56,16
4,6,57,9
4,6,58,18
4,6,59,16
4,6,60,8
4,6,61,11
4,6,62,10
4,6,63,9
4,6,64,11
4,6,65,11
4,6,66,13
4,6,67,8
4,6,68,11
4,6,69,3
4,6,70,11
4,6,71,102
4,6,72,6
4,6,73,10
4,6,74,9
4,6,75,6
4,6,76,17
4,6,77,8
4,6,78,3
4,6,79,5
4,6,80,9
4,6,81,4
4,6,82,8
4,6,83,3
4,6,84,4
4,6,85,8
4,6,86,9
4,6,87,5
4,6,88,4
4,6,89,5
4,6,90,2
4,6,91,5
4,6,92,6
4,6,93,2
4,6,94,1
4,6,95,4
4,7,7,48
4,7,8,18
4,7,9,5
4,7,10,11
4,7,11,10
4,7,12,6
4,7,13,12
4,7,14,7
4,7,15,5
4,7,16,7
4,7,17,15
4,7,18,9
4,7,19,5
4,7,20,4
4,7,21,8
4,7,22,12
4,7,23,7
4,7,24,6
4,7,25,5
4,7,26,9
4,7,27,7
4,7,28,10
4,7,29,12
4,7,30,7
4,7,31,15
4,7,32,9
4,7,33,6
4,7,34,11
4,7,35,10
4,7,36,11
4,7,37,8
4,7,38,11
4,7,39,8
4,7,40,17
4,7,41,12
4,7,42,10
4,7,43,5
4,7,44,8
4,7,45,11
4,7,46,7
4,7,47,7
4,7,48,10
4,7,49,12
4,7,50,11
4,7,51,14
4,7,52,14
4,7,53,10
4,7,54,11
4,7,55,13
4,7,56,12
4,7,57,11
4,7,58,7
4,7,59,19
4,7,60,16
4,7,61,10
4,7,62,12
4,7,63,6
4,7,64,13
4,7,65,9
4,7,66,14
4,7,67,6
4,7,68,8
4,7,69,6
4,7,70,9
4,7,71,5
4,7,72,103
4,7,73,7
4,7,74,5
4,7,75,6
4,7,76,7
4,7,77,25
4,7,78,3
4,7,79,4
4,7,80,5
4,7,81,2
4,7,82,6
4,7,83,4
4,7,84,4
4,7,85,5
4,7,86,1
4,7,87,3
4,7,88,3
4,7,89,1
4,7,90,4
4,7,92,2
4,7,93,5
4,7,94,3
4,7,95,2
4,7,96,1
4,8,8,37
4,8,9,7
4,8,10,8
4,8,11,7
4,8,12,6
4,8,13,6
4,8,14,6
4,8,15,4
4,8,16,6
4,8,17,4
4,8,18,9
4,8,19,6
4,8,20,9
4,8,21,5
4,8,22,10
4,8,23,6
4,8,24,6
4,8,25,12
4,8,26,8
4,8,27,12
4,8,28,8
4,8,29,12
4,8,30,13
4,8,31,3
4,8,32,8
4,8,33,9
4,8,34,6
4,8,35,6
4,8,36,5
4,8,37,9
4,8,38,6
4,8,39,4
4,8,40,4
4,8,41,6
4,8,42,11
4,8,43,5
4,8,44,12
4,8,45,8
4,8,46,8
4,8,47,9
4,8,48,7
4,8,49,9
4,8,50,10
4,8,51,10
4,8,52,6
4,8,53,11
4,8,54,6
4,8,55,11
4,8,56,7
4,8,57,10
4,8,58,14
4,8,59,14
4,8,60,9
4,8,61,13
4,8,62,14
4,8,63,9
4,8,64,7
4,8,65,13
4,8,66,11
4,8,67,9
4,8,68,9
4,8,69,6
4,8,70,11
4,8,71,5
4,8,72,7
4,8,73,96
4,8,74,6
4,8,75,13
4,8,76,8
4,8,77,10
4,8,78,12
4,8,79,6
4,8,80,5
4,8,81,7
4,8,82,3
4,8,83,3
4,8,84,2
4,8,85,4
4,8,86,2
4,8,87,2
4,8,88,3
4,8,89,6
4,8,90,3
4,8,91,2
4,8,92,2
4,8,93,2
4,8,94,3
4,8,95,4
4,8,96,5
4,8,97,2
4,9,9,33
4,9,10,5
4,9,11,7
4,9,12,9
4,9,13,8
4,9,14,8
4,9,15,7
4,9,16,7
4,9,17,12
4,9,18,6
4,9,19,7
4,9,20,4
4,9,21,6
4,9,22,7
4,9,23,4
4,9,24,6
4,9,25,6
4,9,26,1
4,9,27,5
4,9,28,7
4,9,29,3
4,9,30,3
4,9,31,9
4,9,32,8
4,9,33,9
4,9,34,5
4,9,35,7
4,9,36,5
4,9,37,10
4,9,38,9
4,9,39,17
4,9,40,8
4,9,41,4
4,9,42,9
4,9,43,7
4,9,44,9
4,9,45,7
4,9,46,5
4,9,47,10
4,9,48,9
4,9,49,14
4,9,50,4
4,9,51,9
4,9,52,7
4,9,53,9
4,9,54,8
4,9,55,8
4,9,56,11
4,9,57,7
4,9,58,5
4,9,59,16
4,9,60,14
4,9,61,8
4,9,62,11
4,9,63,12
4,9,64,11
4,9,65,12
4,9,66,6
4,9,67,6
4,9,68,8
4,9,69,3
4,9,70,4
4,9,71,1
4,9,72,4
4,9,73,5
4,9,74,79
4,9,75,4
4,9,76,6
4,9,77,2
4,9,78,3
4,9,79,16
4,9,80,13
4,9,81,4
4,9,82,5
4,9,83,7
4,9,84,4
4,9,85,3
4,9,86,2
4,9,87,2
4,9,88,4
4,9,89,8
4,9,90,4
4,9,91,3
4,9,92,3
4,9,93,2
4,9,94,2
4,9,95,1
4,9,96,2
4,9,97,4
4,9,98,2
4,10,10,27
4,10,11,10
4,10,12,8
4,10,13,10
4,10,14,8
4,10,15,10
4,10,16,10
4,10,17,7
4,10,18,8
4,10,19,11
4,10,20,7
4,10,21,8
4,10,22,7
4,10,23,11
4,10,24,9
4,10,25,6
4,10,26,6
4,10,27,9
4,10,28,7
4,10,29,8
4,10,30,14
4,10,31,5
4,10,32,6
4,10,33,7
4,10,34,7
4,10,35,10
4,10,36,4
4,10,37,12
4,10,38,5
4,10,39,6
4,10,40,11
4,10,41,11
4,10,42,10
4,10,43,4
4,10,44,16
4,10,45,17
4,10,46,8
4,10,47,9
4,10,48,13
4,10,49,12
4,10,50,12
4,10,51,5
4,10,52,9
4,10,53,13
4,10,54,6
4,10,55,15
4,10,56,15
4,10,57,8
4,10,58,11
4,10,59,10
4,10,60,18
4,10,61,13
4,10,62,14
4,10,63,17
4,10,64,21
4,10,65,12
4,10,66,11
4,10,67,9
4,10,68,10
4,10,69,6
4,10,70,14
4,10,71,9
4,10,72,10
4,10,73,5
4,10,74,6
4,10,75,100
4,10,76,12
4,10,77,11
4,10,78,8
4,10,79,7
4,10,80,13
4,10,81,5
4,10,82,5
4,10,83,9
4,10,84,7
4,10,85,8
4,10,86,3
4,10,87,3
4,10,88,4
4,10,89,3
4,10,90,7
4,10,91,3
4,10,93,3
4,10,94,2
4,10,95,2
4,10,96,4
4,10,97,1
4,10,98,2
4,10,99,1
4,11,11,24
4,11,12,4
4,11,13,4
4,11,14,5
4,11,15,6
4,11,16,4
4,11,17,3
4,11,18,5
4,11,19,4
4,11,20,6
4,11,21,8
4,11,22,3
4,11,23,2
4,11,24,4
4,11,25,4
4,11,26,3
4,11,27,6
4,11,28,3
4,11,29,2
4,11,30,5
4,11,31,3
4,11,32,4
4,11,33,2
4,11,34,3
4,11,35,5
4,11,36,3
4,11,37,4
4,11,38,3
4,11,39,4
4,11,40,4
4,11,41,3
4,11,42,10
4,11,43,6
4,11,44,5
4,11,45,7
4,11,46,3
4,11,47,4
4,11,48,5
4,11,49,9
4,11,50,6
4,11,51,5
4,11,52,6
4,11,53,2
4,11,54,7
4,11,55,5
4,11,56,2
4,11,57,3
4,11,58,4
4,11,59,9
4,11,60,7
4,11,61,7
4,11,62,7
4,11,63,5
4,11,64,6
4,11,65,15
4,11,66,2
4,11,67,3
4,11,68,4
4,11,69,6
4,11,70,7
4,11,71,3
4,11,72,4
4,11,73,4
4,11,74,4
4,11,75,1
4,11,76,52
4,11,77,3
4,11,78,7
4,11,79,4
4,11,80,2
4,11,81,11
4,11,82,3
4,11,83,2
4,11,84,3
4,11,85,3
4,11,86,1
4,11,87,1
4,11,88,5
4,11,90,6
4,11,91,2
4,11,92,3
4,11,93,1
4,11,94,1
4,11,95,1
4,11,96,4
4,11,98,1
4,11,99,4
4,12,12,19
4,12,13,3
4,12,14,3
4,12,15,6
4,12,16,5
4,12,17,2
4,12,19,6
4,12,20,2
4,12,21,5
4,12,22,2
4,12,23,1
4,12,24,3
4,12,25,4
4,12,26,3
4,12,27,3
4,12,28,2
4,12,29,4
4,12,30,3
4,12,31,2
4,12,33,5
4,12,34,4
4,12,35,3
4,12,36,7
4,12,37,2
4,12,38,3
4,12,39,3
4,12,40,5
4,12,41,2
4,12,42,5
4,12,43,9
4,12,44,5
4,12,45,2
4,12,46,5
4,12,47,6
4,12,48,4
4,12,49,2
4,12,50,3
4,12,51,7
4,12,52,6
4,12,53,6
4,12,54,5
4,12,55,6
4,12,56,3
4,12,57,7
4,12,58,2
4,12,59,9
4,12,60,6
4,12,61,2
4,12,62,3
4,12,63,9
4,12,64,6
4,12,65,7
4,12,66,7
4,12,67,8
4,12,68,8
4,12,69,2
4,12,70,4
4,12,71,3
4,12,72,6
4,12,73,1
4,12,74,5
4,12,75,7
4,12,76,4
4,12,77,53
4,12,78,4
4,12,79,2
4,12,80,1
4,12,81,6
4,12,82,10
4,12,83,3
4,12,84,3
4,12,85,4
4,12,87,2
4,12,88,2
4,12,89,2
4,12,90,1
4,12,92,1
4,12,93,2
4,12,95,3
4,12,97,1
4,13,13,18
4,13,14,2
4,13,15,1
4,13,16,4
4,13,17,4
4,13,18,3
4,13,19,2
4,13,20,1
4,13,21,2
4,13,22,2
4,13,23,7
4,13,24,1
4,13,25,9
4,13,26,3
4,13,27,4
4,13,28,5
4,13,29,3
4,13,30,3
4,13,31,1
4,13,32,3
4,13,33,1
4,13,34,3
4,13,35,8
4,13,36,3
4,13,37,7
4,13,38,4
4,13,39,5
4,13,40,3
4,13,42,4
4,13,43,4
4,13,44,2
4,13,45,6
4,13,46,1
4,13,47,2
4,13,48,7
4,13,49,2
4,13,50,3
4,13,51,5
4,13,52,4
4,13,53,5
4,13,54,4
4,13,55,3
4,13,56,4
4,13,57,4
4,13,58,2
4,13,59,10
4,13,60,7
4,13,61,9
4,13,62,1
4,13,63,5
4,13,64,7
4,13,65,15
4,13,66,5
4,13,67,7
4,13,68,5
4,13,69,4
4,13,70,6
4,13,71,5
4,13,72,2
4,13,73,8
4,13,74,5
4,13,75,4
4,13,76,3
4,13,77,3
4,13,78,26
4,13,79,2
4,13,80,1
4,13,81,2
4,13,82,5
4,13,83,7
4,13,84,2
4,13,85,2
4,13,86,3
4,13,87,2
4,13,88,4
4,13,91,2
4,13,92,2
4,13,93,3
4,13,94,4
4,13,96,1
4,13,97,1
4,13,99,1
4,14,14,10
4,14,15,1
4,14,16,3
4,14,17,1
4,14,18,6
4,14,19,2
4,14,20,2
4,14,21,2
4,14,22,1
4,14,23,3
4,14,24,2
4,14,25,1
4,14,26,4
4,14,27,6
4,14,28,3
4,14,29,3
4,14,30,2
4,14,31,2
4,14,32,4
4,14,33,6
4,14,34,4
4,14,35,3
4,14,36,2
4,14,37,6
4,14,38,4
4,14,39,3
4,14,40,5
4,14,41,3
4,14,42,4
4,14,43,6
4,14,44,5
4,14,45,6
4,14,46,3
4,14,47,2
4,14,48,3
4,14,49,5
4,14,50,4
4,14,51,3
4,14,52,4
4,14,53,3
4,14,54,3
4,14,55,9
4,14,56,7
4,14,57,6
4,14,58,3
4,14,59,5
4,14,60,4
4,14,61,8
4,14,62,5
4,14,63,1
4,14,64,7
4,14,66,4
4,14,67,5
4,14,68,10
4,14,69,3
4,14,70,3
4,14,71,2
4,14,72,3
4,14,73,5
4,14,74,7
4,14,75,2
4,14,76,3
4,14,77,3
4,14,78,1
4,14,79,48
4,14,80,3
4,14,81,3
4,14,83,3
4,14,84,5
4,14,85,4
4,14,86,4
4,14,87,3
4,14,88,3
4,14,89,2
4,14,90,2
4,14,92,2
4,14,93,1
4,14,94,1
4,14,97,1
4,14,98,2
4,15,15,12
4,15,16,5
4,15,17,2
4,15,18,4
4,15,19,3
4,15,21,3
4,15,22,5
4,15,23,2
4,15,24,2
4,15,25,2
4,15,26,2
4,15,27,1
4,15,28,2
4,15,29,2
4,15,30,4
4,15,31,4
4,15,32,5
4,15,33,3
4,15,34,2
4,15,35,1
4,15,37,3
4,15,38,2
4,15,39,5
4,15,40,3
4,15,41,4
4,15,42,3
4,15,43,2
4,15,44,3
4,15,45,1
4,15,46,4
4,15,47,5
4,15,48,3
4,15,49,6
4,15,50,3
4,15,51,3
4,15,52,5
4,15,53,6
4,15,54,5
4,15,55,5
4,15,56,5
4,15,57,7
4,15,58,7
4,15,59,5
4,15,60,5
4,15,61,3
4,15,62,5
4,15,63,5
4,15,64,4
4,15,65,9
4,15,66,8
4,15,67,8
4,15,68,6
4,15,69,5
4,15,70,4
4,15,71,3
4,15,72,5
4,15,73,3
4,15,74,1
4,15,75,4
4,15,76,3
4,15,77,3
4,15,78,2
4,15,79,4
4,15,80,50
4,15,81,2
4,15,82,4
4,15,83,3
4,15,84,2
4,15,85,6
4,15,86,1
4,15,87,1
4,15,88,1
4,15,89,2
4,15,90,4
4,15,91,1
4,15,92,1
4,15,93,1
4,15,95,1
4,15,96,4
4,15,97,1
4,15,99,1
4,16,16,18
4,16,17,2
4,16,18,1
4,16,19,4
4,16,20,2
4,16,21,2
4,16,22,3
4,16,23,1
4,16,24,5
4,16,25,3
4,16,26,1
4,16,29,1
4,16,30,4
4,16,31,3
4,16,32,3
4,16,34,1
4,16,35,3
4,16,36,3
4,16,37,1
4,16,38,4
4,16,39,6
4,16,40,4
4,16,41,2
4,16,42,1
4,16,43,1
4,16,44,4
4,16,45,3
4,16,46,3
4,16,47,4
4,16,48,6
4,16,49,1
4,16,50,4
4,16,51,5
4,16,52,1
4,16,53,1
4,16,54,1
4,16,55,5
4,16,56,3
4,16,57,3
4,16,58,3
4,16,59,3
4,16,60,4
4,16,61,1
4,16,62,4
4,16,63,5
4,16,64,3
4,16,65,8
4,16,66,3
4,16,67,4
4,16,68,4
4,16,69,2
4,16,70,3
4,16,71,4
4,16,72,5
4,16,73,5
4,16,74,3
4,16,75,2
4,16,76,4
4,16,77,5
4,16,78,2
4,16,79,2
4,16,81,31
4,16,82,3
4,16,83,3
4,16,84,4
4,16,85,3
4,16,86,6
4,16,87,3
4,16,88,2
4,16,89,1
4,16,90,1
4,16,93,1
4,16,94,1
4,16,95,1
4,16,97,1
4,16,98,2
4,17,17,3
4,17,18,3
4,17,19,2
4,17,20,1
4,17,21,4
4,17,22,2
4,17,23,1
4,17,24,1
4,17,25,2
4,17,26,2
4,17,29,1
4,17,30,2
4,17,32,1
4,17,33,2
4,17,35,2
4,17,36,4
4,17,37,1
4,17,38,4
4,17,39,2
4,17,40,1
4,17,41,5
4,17,42,3
4,17,43,1
4,17,44,2
4,17,45,4
4,17,46,2
4,17,47,2
4,17,48,4
4,17,49,3
4,17,50,2
4,17,51,1
4,17,52,3
4,17,53,4
4,17,54,2
4,17,55,4
4,17,56,3
4,17,57,3
4,17,58,2
4,17,60,2
4,17,61,4
4,17,62,5
4,17,63,1
4,17,64,3
4,17,65,2
4,17,67,3
4,17,68,1
4,17,69,5
4,17,70,5
4,17,71,5
4,17,72,3
4,17,74,1
4,17,75,4
4,17,76,3
4,17,77,2
4,17,79,1
4,17,80,3
4,17,81,2
4,17,82,35
4,17,83,1
4,17,84,3
4,17,85,4
4,17,87,4
4,17,89,1
4,17,90,2
4,17,91,1
4,17,95,1
4,17,96,1
4,17,97,1
4,17,98,2
4,18,18,8
4,18,19,1
4,18,23,2
4,18,24,1
4,18,25,1
4,18,26,2
4,18,27,1
4,18,28,4
4,18,29,2
4,18,32,2
4,18,33,5
4,18,34,2
4,18,35,1
4,18,36,3
4,18,37,1
4,18,38,4
4,18,39,1
4,18,40,2
4,18,41,2
4,18,42,5
4,18,43,4
4,18,44,2
4,18,45,2
4,18,47,2
4,18,48,2
4,18,49,4
4,18,50,6
4,18,51,1
4,18,52,2
4,18,53,1
4,18,54,2
4,18,55,1
4,18,56,1
4,18,57,1
4,18,58,4
4,18,59,2
4,18,60,3
4,18,61,2
4,18,62,1
4,18,63,4
4,18,64,3
4,18,65,3
4,18,67,4
4,18,68,5
4,18,69,6
4,18,70,3
4,18,71,4
4,18,72,2
4,18,73,4
4,18,74,2
4,18,75,2
4,18,76,4
4,18,77,3
4,18,78,2
4,18,80,1
4,18,81,1
4,18,83,26
4,18,84,1
4,18,85,4
4,18,86,1
4,18,87,2
4,18,88,3
4,18,92,1
4,18,93,2
4,18,94,2
4,18,96,1
4,19,19,5
4,19,20,1
4,19,21,2
4,19,22,3
4,19,24,1
4,19,25,2
4,19,26,1
4,19,28,2
4,19,30,2
4,19,31,2
4,19,32,1
4,19,33,2
4,19,34,3
4,19,35,2
4,19,37,1
4,19,38,1
4,19,39,1
4,19,40,1
4,19,42,2
4,19,43,2
4,19,44,2
4,19,45,2
4,19,48,4
4,19,49,3
4,19,52,1
4,19,53,2
4,19,54,3
4,19,55,2
4,19,57,2
4,19,58,2
4,19,59,3
4,19,60,3
4,19,61,2
4,19,62,1
4,19,63,3
4,19,64,2
4,19,65,1
4,19,66,3
4,19,67,3
4,19,68,2
4,19,70,1
4,19,71,2
4,19,72,1
4,19,73,2
4,19,74,2
4,19,75,3
4,19,76,2
4,19,78,1
4,19,79,1
4,19,80,4
4,19,81,1
4,19,82,5
4,19,83,2
4,19,84,20
4,19,86,6
4,19,87,1
4,19,88,2
4,19,89,3
4,19,90,2
4,19,91,1
4,19,92,2
4,19,93,2
4,19,96,1
4,19,97,1
4,19,98,1
4,19,99,1
4,20,20,4
4,20,21,1
4,20,23,1
4,20,24,1
4,20,27,2
4,20,28,1
4,20,30,2
4,20,31,3
4,20,32,2
4,20,33,1
4,20,34,2
4,20,35,2
4,20,36,3
4,20,37,2
4,20,38,1
4,20,40,1
4,20,41,4
4,20,42,3
4,20,43,2
4,20,44,3
4,20,45,2
4,20,46,1
4,20,47,1
4,20,48,3
4,20,49,2
4,20,50,1
4,20,51,3
4,20,54,2
4,20,55,1
4,20,56,1
4,20,57,4
4,20,58,1
4,20,60,1
4,20,61,2
4,20,62,2
4,20,63,3
4,20,64,3
4,20,65,1
4,20,67,2
4,20,68,2
4,20,69,4
4,20,70,2
4,20,71,2
4,20,73,3
4,20,74,2
4,20,77,3
4,20,78,4
4,20,79,5
4,20,80,3
4,20,81,3
4,20,83,3
4,20,85,31
4,20,86,3
4,20,87,3
4,20,88,1
4,20,89,1
4,20,90,3
4,20,91,1
4,20,93,1
4,20,94,2
4,20,96,1
4,21,21,6
4,21,23,3
4,21,24,1
4,21,25,2
4,21,26,1
4,21,27,2
4,21,30,1
4,21,32,1
4,21,33,3
4,21,34,2
4,21,37,1
4,21,38,1
4,21,39,2
4,21,41,2
4,21,43,1
4,21,44,1
4,21,45,2
4,21,47,1
4,21,49,1
4,21,51,1
4,21,52,2
4,21,53,1
4,21,54,1
4,21,56,3
4,21,57,1
4,21,58,1
4,21,59,3
4,21,60,1
4,21,61,2
4,21,62,1
4,21,65,6
4,21,66,1
4,21,67,2
4,21,68,3
4,21,70,2
4,21,71,2
4,21,72,2
4,21,74,2
4,21,75,2
4,21,76,4
4,21,77,1
4,21,79,2
4,21,80,1
4,21,82,1
4,21,86,16
4,21,88,2
4,21,90,1
4,21,91,1
4,21,92,1
4,21,98,2
4,22,22,2
4,22,23,2
4,22,24,1
4,22,26,1
4,22,27,2
4,22,28,1
4,22,30,1
4,22,35,1
4,22,37,2
4,22,41,1
4,22,43,2
4,22,45,1
4,22,46,1
4,22,50,3
4,22,51,1
4,22,57,2
4,22,58,2
4,22,59,1
4,22,60,2
4,22,61,1
4,22,63,2
4,22,64,1
4,22,65,1
4,22,66,1
4,22,68,1
4,22,71,1
4,22,72,2
4,22,73,1
4,22,74,2
4,22,75,1
4,22,79,2
4,22,80,2
4,22,81,1
4,22,82,3
4,22,87,11
4,22,88,2
4,22,89,1
4,22,91,3
4,22,92,2
4,22,97,2
4,22,99,1
4,23,24,1
4,23,26,2
4,23,27,1
4,23,31,1
4,23,37,1
4,23,40,3
4,23,41,3
4,23,42,2
4,23,43,2
4,23,45,1
4,23,46,1
4,23,47,1
4,23,48,2
4,23,52,2
4,23,53,2
4,23,55,1
4,23,56,2
4,23,58,1
4,23,62,1
4,23,63,1
4,23,66,1
4,23,67,1
4,23,68,1
4,23,69,2
4,23,75,2
4,23,78,2
4,23,80,1
4,23,81,1
4,23,82,1
4,23,84,1
4,23,88,5
4,23,90,2
4,23,91,1
4,23,93,1
4,23,94,1
4,24,33,1
4,24,38,1
4,24,40,1
4,24,42,1
4,24,45,1
4,24,46,1
4,24,47,1
4,24,48,2
4,24,49,1
4,24,51,1
4,24,52,1
4,24,53,1
4,24,56,1
4,24,57,1
4,24,59,1
4,24,60,1
4,24,61,1
4,24,62,1
4,24,64,1
4,24,65,1
4,24,66,1
4,24,67,1
4,24,68,1
4,24,73,1
4,24,74,1
4,24,75,1
4,24,76,2
4,24,77,1
4,24,78,3
4,24,79,1
4,24,87,1
4,24,89,3
4,24,92,2
4,25,25,2
4,25,27,1
4,25,28,2
4,25,33,1
4,25,43,1
4,25,50,3
4,25,55,1
4,25,58,1
4,25,61,1
4,25,66,1
4,25,70,1
4,25,71,1
4,25,72,1
4,25,74,1
4,25,77,2
4,25,79,2
4,25,80,1
4,25,81,1
4,25,90,4
4,25,92,1
4,26,26,1
4,26,30,2
4,26,35,1
4,26,36,1
4,26,41,1
4,26,46,1
4,26,48,1
4,26,49,1
4,26,50,1
4,26,55,1
4,26,64,1
4,26,68,1
4,26,73,1
4,26,76,1
4,26,83,1
4,26,85,1
4,26,87,1
4,26,91,4
4,26,94,1
4,26,96,1
4,27,27,1
4,27,45,2
4,27,48,1
4,27,49,1
4,27,50,1
4,27,55,1
4,27,57,1
4,27,58,1
4,27,62,1
4,27,69,1
4,27,71,1
4,27,76,1
4,27,78,1
4,27,80,1
4,27,82,1
4,27,84,1
4,27,86,1
4,27,92,1
4,27,94,1
4,28,33,1
4,28,42,1
4,28,56,1
4,28,64,1
4,28,67,1
4,28,68,1
4,28,69,1
4,28,75,2
4,28,78,1
4,28,87,1
4,28,93,3
4,28,95,1
4,29,30,1
4,29,45,1
4,29,49,1
4,29,53,1
4,29,57,2
4,29,58,1
4,29,59,1
4,29,67,1
4,29,69,1
4,29,78,1
4,29,83,2
4,29,84,1
4,29,86,1
4,29,94,3
4,29,98,1
4,30,38,1
4,30,68,1
4,30,81,1
4,30,85,1
4,30,95,3
4,31,36,1
4,31,42,1
4,31,50,1
4,31,54,1
4,31,57,1
4,31,64,1
4,31,73,1
4,31,84,1
4,31,94,1
4,32,39,1
4,32,43,1
4,32,56,1
4,32,75,1
4,32,97,2
4,34,49,1
4,34,82,1
4,34,89,1
4,34,91,1
4,34,99,2
4,35,97,1
4,36,81,1
4,36,88,1
4,38,81,1
4,39,91,1
